DROP DATABASE csc310;
CREATE DATABASE csc310;

USE csc310;

CREATE TABLE contact (
    id INTEGER NOT NULL ,
    last_name VARCHAR(15) NOT NULL ,
    first_name VARCHAR(15) NOT NULL ,
    title VARCHAR(2) NOT NULL ,
    street VARCHAR(30) NOT NULL ,
    city VARCHAR(20) NOT NULL ,
    state VARCHAR(2) NOT NULL ,
    zip VARCHAR(5) NOT NULL ,
    phone VARCHAR(10) NULL ,
    fax VARCHAR(10) NULL ,
    PRIMARY KEY (id)
) ;

Insert into contact (id , last_name , first_name , title , street , city , state , zip , phone , fax ) values ( 1 , 'Hildebrand' , 'Jane' , 'ma' , '1280 Washington St.' , 'Emeryville' , 'MI' , '94608' , '5105551309' , '5105554209' ) ;
Insert into contact (id , last_name , first_name , title , street , city , state , zip , phone , fax ) values ( 2 , 'Simmon' , 'Larry' , 'sa' , '34 Granville St.' , 'Houston' , 'TX' , '77079' , '7135558960' , '7135559265' ) ;
Insert into contact (id , last_name , first_name , title , street , city , state , zip , phone , fax ) values ( 3 , 'Critch' , 'Susan' , 'pd' , '45 Center St.' , 'Danvers' , 'MA' , '01923' , '5085554829' , '5085553025' ) ;
Insert into contact (id , last_name , first_name , title , street , city , state , zip , phone , fax ) values ( 4 , 'Lambert' , 'Terry' , 'ad' , '204 Page St.' , 'Canton' , 'MA' , '94608' , '6175552246' , '6175553692' ) ;
Insert into contact (id , last_name , first_name , title , street , city , state , zip , phone , fax ) values ( 5 , 'Sullivan' , 'Dorothy' , 'cs' , '54 Minuteman Dr.' , 'Lincoln' , 'MA' , '01742' , '5085553925' , '5085559931' ) ;
Insert into contact (id , last_name , first_name , title , street , city , state , zip , phone , fax ) values ( 6 , 'Paull' , 'Rose' , 'fi' , '78 Bay St.' , 'Marblehead' , 'MA' , '01945' , '6175556392' , '6175551495' ) ;
Insert into contact (id , last_name , first_name , title , street , city , state , zip , phone , fax ) values ( 7 , 'Glassmann' , 'Beth' , 'pd' , '44 Oak St.' , 'Lexington' , 'MA' , '02173' , '6175550273' , '6175559933' ) ;
Insert into contact (id , last_name , first_name , title , street , city , state , zip , phone , fax ) values ( 8 , 'Powell' , 'Gene' , 'tr' , '552 West Main St.' , 'Lexington' , 'MA' , '02173' , '6175553528' , '6175559563' ) ;
Insert into contact (id , last_name , first_name , title , street , city , state , zip , phone , fax ) values ( 9 , 'Fish' , 'Jeffrey' , 'ma' , '68 Red Acre Rd.' , 'Lexington' , 'MA' , '02173' , '6175553528' , '6175559563' ) ;
Insert into contact (id , last_name , first_name , title , street , city , state , zip , phone , fax ) values ( 10 , 'Clarke' , 'Molly' , 'sa' , '55 Pine Grove Rd.' , 'Lexington' , 'MA' , '02173' , '6175554325' , '6175557638' ) ;
Insert into contact (id , last_name , first_name , title , street , city , state , zip , phone , fax ) values ( 11 , 'Kelley' , 'William' , 'do' , '16 Rainbow Rd.' , 'Burlington' , 'MA' , '01803' , '6175558474' , '6175552594' ) ;
Insert into contact (id , last_name , first_name , title , street , city , state , zip , phone , fax ) values ( 12 , 'Lyman' , 'Thomas' , 'cs' , '64 Story Rd.' , 'Emeryville' , 'CA' , '94608' , '5105555378' , '5105553372' ) ;
Insert into contact (id , last_name , first_name , title , street , city , state , zip , phone , fax ) values ( 13 , 'Davidson' , 'Joann' , 'ma' , '64 Story Rd.' , 'Emeryville' , 'CA' , '94608' , '5105557363' , '5105559278' ) ;
Insert into contact (id , last_name , first_name , title , street , city , state , zip , phone , fax ) values ( 14 , 'Pettengill' , 'Mark' , 'sa' , '26 Briarwood Ter.' , 'Emeryville' , 'CA' , '94608' , '5105553533' , '5105551146' ) ;
Insert into contact (id , last_name , first_name , title , street , city , state , zip , phone , fax ) values ( 15 , 'Moore' , 'Dawn' , 'sa' , 'One Park Drive' , 'Atlanta' , 'GA' , '30339' , '4045554834' , '4045558291' ) ;
Insert into contact (id , last_name , first_name , title , street , city , state , zip , phone , fax ) values ( 16 , 'Lencki' , 'John' , 'cs' , '208 Brook Road' , 'Burlington' , 'MA' , '01803' , '6175555348' , '6175554619' ) ;
Insert into contact (id , last_name , first_name , title , street , city , state , zip , phone , fax ) values ( 17 , 'Kaplan' , 'Burt' , 'sa' , '49 Keaton Lane' , 'Arlington' , 'MA' , '02174' , '6175553887' , '6175552398' ) ;
Insert into contact (id , last_name , first_name , title , street , city , state , zip , phone , fax ) values ( 18 , 'Hayne' , 'William' , 'cs' , '88 Cornfield Ave.' , 'Acton' , 'MA' , '01720' , '5085557780' , '5085554422' ) ;
Insert into contact (id , last_name , first_name , title , street , city , state , zip , phone , fax ) values ( 19 , 'Chin ' , 'David' , 'pd' , '16 Waverly Rd.' , 'Burlington' , 'MA' , '01803' , '6175553378' , '6175554453' ) ;
Insert into contact (id , last_name , first_name , title , street , city , state , zip , phone , fax ) values ( 20 , 'White' , 'Pauline' , 'sa' , '57 Prince St.' , 'Houston' , 'TX' , '77079' , '7135553345' , '7135559222' ) ;
Insert into contact (id , last_name , first_name , title , street , city , state , zip , phone , fax ) values ( 21 , 'Cobb' , 'Paul' , 'cs' , '34 Greenville St.' , 'Atlanta' , 'GA' , '30339' , '4045552239' , '4045558111' ) ;
Insert into contact (id , last_name , first_name , title , street , city , state , zip , phone , fax ) values ( 22 , 'Goggin' , 'Kevin' , 'cs' , '88 East Main St.' , 'Houston' , 'TX' , '77079' , '7135553340' , '7135559211' ) ;
Insert into contact (id , last_name , first_name , title , street , city , state , zip , phone , fax ) values ( 23 , 'Cohen' , 'Paul' , 'cs' , '108 Park Street' , 'Burlington' , 'MA' , '01803' , '6175558883' , '6175554499' ) ;
Insert into contact (id , last_name , first_name , title , street , city , state , zip , phone , fax ) values ( 24 , 'Quinn' , 'Peter' , 'sa' , '88 Shaw Rd.' , 'Needham' , 'MA' , '02192' , '6175552222' , '6175559337' ) ;
Insert into contact (id , last_name , first_name , title , street , city , state , zip , phone , fax ) values ( 25 , 'Brier' , 'Michael' , 'ad' , '55 Blackstone St.' , 'Arlington' , 'MA' , '02174' , '6175552398' , '6175553337' ) ;
Insert into contact (id , last_name , first_name , title , street , city , state , zip , phone , fax ) values ( 26 , 'Mulley' , 'Joan' , 'pd' , '109 Westborn Ter.' , 'Burlington' , 'MA' , '01803' , '6175553998' , '6175552299' ) ;
Insert into contact (id , last_name , first_name , title , street , city , state , zip , phone , fax ) values ( 27 , 'Evans' , 'Carrie' , 'sa' , '89 Washington St.' , 'Atlanta' , 'GA' , '30339' , '4045551169' , '4045558244' ) ;
Insert into contact (id , last_name , first_name , title , street , city , state , zip , phone , fax ) values ( 28 , 'Philley' , 'Mary' , 'sa' , '92 Franklin Pl.' , 'Houston' , 'TX' , '77079' , '7135553338' , '7135559066' ) ;
Insert into contact (id , last_name , first_name , title , street , city , state , zip , phone , fax ) values ( 29 , 'Sinibaldi' , 'Joseph' , 'do' , '1112 Center St.' , 'Arlington' , 'MA' , '02174' , '6175556699' , '6175554231' ) ;
Insert into contact (id , last_name , first_name , title , street , city , state , zip , phone , fax ) values ( 30 , 'DeMarco' , 'Michael' , 'pd' , '23 Clare Ave.' , 'Bedford' , 'MA' , '01730' , '6175554400' , '6175557876' ) ;
Insert into contact (id , last_name , first_name , title , street , city , state , zip , phone , fax ) values ( 31 , 'Miller' , 'Henry' , 'tr' , '445 Porter St.' , 'Burlington' , 'MA' , '01803' , '6175553356' , '6175551332' ) ;
Insert into contact (id , last_name , first_name , title , street , city , state , zip , phone , fax ) values ( 32 , 'Reeves' , 'Scott' , 'cs' , '89 Linden St.' , 'Iselin' , 'NJ' , '08830' , '6035550988' , '6035555556' ) ;
Insert into contact (id , last_name , first_name , title , street , city , state , zip , phone , fax ) values ( 33 , 'Page' , 'Lynn' , 'sa' , '56 Central Ave.' , 'Needham' , 'MA' , '02192' , '6175558890' , '6175554544' ) ;
Insert into contact (id , last_name , first_name , title , street , city , state , zip , phone , fax ) values ( 34 , 'Crowley' , 'Charles' , 'hr' , '69 Edson St.' , 'Burlington' , 'MA' , '01803' , '6175551344' , '6175559877' ) ;
Insert into contact (id , last_name , first_name , title , street , city , state , zip , phone , fax ) values ( 35 , 'Burrill' , 'Dana' , 'pd' , '234 Beacon St.' , 'Needham' , 'MA' , '02192' , '6175557956' , '6175552398' ) ;
Insert into contact (id , last_name , first_name , title , street , city , state , zip , phone , fax ) values ( 36 , 'Caruso' , 'William' , 'fi' , '99 Edison St.' , 'Bedford' , 'MA' , '01730' , '6175552144' , '6175551656' ) ;
Insert into contact (id , last_name , first_name , title , street , city , state , zip , phone , fax ) values ( 37 , 'Purcell' , 'Beth' , 'sa' , '134 Cherry Hill St.' , 'Arlington' , 'MA' , '02174' , '6175552349' , '6175551765' ) ;
Insert into contact (id , last_name , first_name , title , street , city , state , zip , phone , fax ) values ( 38 , 'Weaver' , 'Joe' , 'ma' , '88 Main St.' , 'Houston' , 'TX' , '77079' , '7135551956' , '7135554455' ) ;
Insert into contact (id , last_name , first_name , title , street , city , state , zip , phone , fax ) values ( 39 , 'Dewey' , 'Michael' , 'fi' , '106 Pleasant St.' , 'Needham' , 'MA' , '02192' , '6175559877' , '6175552322' ) ;
Insert into contact (id , last_name , first_name , title , street , city , state , zip , phone , fax ) values ( 40 , 'Jordan' , 'Susan' , 'pd' , '95 Gordon St.' , 'Burlington' , 'MA' , '01803' , '6175551123' , '6175551999' ) ;
Insert into contact (id , last_name , first_name , title , street , city , state , zip , phone , fax ) values ( 41 , 'Romeo' , 'John' , 'ad' , '230 Long Way' , 'Long Beach' , 'CA' , '90806' , '3105554533' , '3105551233' ) ;
Insert into contact (id , last_name , first_name , title , street , city , state , zip , phone , fax ) values ( 42 , 'Haddad' , 'Paul' , 'pd' , '889 Pleasant St.' , 'Schaumburg' , 'IL' , '60173' , '7065558337' , '7045555644' ) ;
Insert into contact (id , last_name , first_name , title , street , city , state , zip , phone , fax ) values ( 43 , 'Schott' , 'Amy' , 'hr' , '999 Remington St.' , 'Houston' , 'TX' , '77079' , '7135558912' , '7135554565' ) ;
Insert into contact (id , last_name , first_name , title , street , city , state , zip , phone , fax ) values ( 44 , 'Short' , 'Russell' , 'cs' , '12 Newton St.' , 'Needham' , 'MA' , '02192' , '6175550993' , '6175551170' ) ;
Insert into contact (id , last_name , first_name , title , street , city , state , zip , phone , fax ) values ( 45 , 'Galvin' , 'Liz' , 'ma' , '165 Lexington St.' , 'Arlington' , 'MA' , '02174' , '6175559312' , '6175559870' ) ;
Insert into contact (id , last_name , first_name , title , street , city , state , zip , phone , fax ) values ( 46 , 'Crossland' , 'Ellen' , 'pd' , '27 Rush Rd.' , 'Burlington' , 'MA' , '01803' , '6175550004' , '6175558005' ) ;
Insert into contact (id , last_name , first_name , title , street , city , state , zip , phone , fax ) values ( 47 , 'Bertrand' , 'Coleman' , 'do' , '78 Dunster Pl.' , 'Schaumburg' , 'IL' , '60173' , '7065552886' , '7045554532' ) ;
Insert into contact (id , last_name , first_name , title , street , city , state , zip , phone , fax ) values ( 48 , 'Rayner' , 'Doug' , 'ot' , '34 Chapin St.' , 'Houston' , 'TX' , '77079' , '7135558444' , '7135559934' ) ;
Insert into contact (id , last_name , first_name , title , street , city , state , zip , phone , fax ) values ( 49 , 'Lull' , 'John' , 'sa' , '93  Lawn Rd.' , 'Bedford' , 'MA' , '01730' , '6175551745' , '6175551233' ) ;
Insert into contact (id , last_name , first_name , title , street , city , state , zip , phone , fax ) values ( 50 , 'Shishov' , 'Irina' , 'ma' , '567 Park Drive' , 'Atlanta' , 'GA' , '30339' , '4045551233' , '4045556837' ) ;
Insert into contact (id , last_name , first_name , title , street , city , state , zip , phone , fax ) values ( 51 , 'Trayers' , 'Ken' , 'sa' , '234 Heather Drive' , 'Arlington' , 'MA' , '02174' , '6175552384' , '6175554127' ) ;
Insert into contact (id , last_name , first_name , title , street , city , state , zip , phone , fax ) values ( 52 , 'Long' , 'Peter' , 'tr' , '78 Grayson Rd.' , 'Burlington' , 'MA' , '01803' , '6175554519' , '6175554339' ) ;
Insert into contact (id , last_name , first_name , title , street , city , state , zip , phone , fax ) values ( 53 , 'Tippet' , 'Debbie' , 'cs' , '85 Aberdeen Rd.' , 'Schaumburg' , 'IL' , '60173' , '7065558227' , '7045558474' ) ;
Insert into contact (id , last_name , first_name , title , street , city , state , zip , phone , fax ) values ( 54 , 'Hodson' , 'Jack' , 'cs' , '69 Lincoln St.' , 'Acton' , 'MA' , '01720' , '5085552998' , '5085550022' ) ;
Insert into contact (id , last_name , first_name , title , street , city , state , zip , phone , fax ) values ( 55 , 'Kosko' , 'Kim' , 'pd' , '334 Pleasant St.' , 'Houston' , 'TX' , '77079' , '7135554657' , '7135552738' ) ;
Insert into contact (id , last_name , first_name , title , street , city , state , zip , phone , fax ) values ( 56 , 'McEvoy' , 'Jim' , 'sa' , '23 Hawthorne Rd.' , 'Schaumburg' , 'IL' , '60173' , '7065558532' , '7045550123' ) ;
Insert into contact (id , last_name , first_name , title , street , city , state , zip , phone , fax ) values ( 57 , 'Goodall' , 'Sandra' , 'sa' , '56 Summer St.' , 'Burlington' , 'MA' , '01803' , '6175553647' , '6175550059' ) ;
Insert into contact (id , last_name , first_name , title , street , city , state , zip , phone , fax ) values ( 58 , 'Elkins' , 'John' , 'tr' , '899 Goddard Highway' , 'Iselin' , 'NJ' , '08830' , '6035551200' , '6035550078' ) ;
Insert into contact (id , last_name , first_name , title , street , city , state , zip , phone , fax ) values ( 59 , 'Masalsky' , 'Kurt' , 'cs' , '29 Garden St.' , 'Atlanta' , 'GA' , '30339' , '4045555111' , '4045558347' ) ;
Insert into contact (id , last_name , first_name , title , street , city , state , zip , phone , fax ) values ( 60 , 'Collins' , 'MaryBeth' , 'cs' , '56 Lincoln Street' , 'Burlington' , 'MA' , '01803' , '6175551199' , '6175559586' ) ;

-- end table    contact

CREATE TABLE customer (
    id INTEGER NOT NULL ,
    fname VARCHAR(15) NOT NULL ,
    lname VARCHAR(20) NOT NULL ,
    address VARCHAR(35) NOT NULL ,
    city VARCHAR(20) NOT NULL ,
    state VARCHAR(2) NOT NULL ,
    zip VARCHAR(10) NOT NULL ,
    phone VARCHAR(12) NOT NULL ,
    company_name VARCHAR(35) NULL ,
    PRIMARY KEY (id)
) ;

Insert into customer (id , fname , lname , address , city , state , zip , phone , company_name ) values ( 101 , 'Michaels' , 'Devlin' , '3114 Pioneer Avenue' , 'Rutherford' , 'NJ' , '07070' , '2015558966' , 'The Power Group' ) ;
Insert into customer (id , fname , lname , address , city , state , zip , phone , company_name ) values ( 102 , 'Beth' , 'Reiser' , '1033 Whippany Road ' , 'New York' , 'NY' , '10154' , '2125558725' , 'AMF Corp.' ) ;
Insert into customer (id , fname , lname , address , city , state , zip , phone , company_name ) values ( 103 , 'Erin' , 'Niedringhaus' , '1990 Windsor Street ' , 'Paoli' , 'PA' , '19301' , '2155556513' , 'Darling Associates' ) ;
Insert into customer (id , fname , lname , address , city , state , zip , phone , company_name ) values ( 104 , 'Meghan' , 'Mason' , '550 Dundas Street East' , 'Knoxville' , 'TN' , '37919' , '6155555463' , 'P.S.C.' ) ;
Insert into customer (id , fname , lname , address , city , state , zip , phone , company_name ) values ( 105 , 'Laura' , 'McCarthy' , '1210 Highway 36 ' , 'Carmel' , 'IN' , '46032' , '3175558437' , 'Amo & Sons' ) ;
Insert into customer (id , fname , lname , address , city , state , zip , phone , company_name ) values ( 106 , 'Paul' , 'Phillips' , '2000 Cherry Creek N. Dr. ' , 'Middletown' , 'CT' , '64579    ' , '2035553464' , 'Ralston Inc.' ) ;
Insert into customer (id , fname , lname , address , city , state , zip , phone , company_name ) values ( 107 , 'Kelly' , 'Colburn' , '18131 Vallco Parkway ' , 'Raleigh' , 'NC' , '27695-7209' , '9195555152' , 'The Home Club' ) ;
Insert into customer (id , fname , lname , address , city , state , zip , phone , company_name ) values ( 108 , 'Matthew' , 'Goforth' , '11801 Wayzata Blvd. ' , 'Chattanooga' , 'TN' , '37421' , '6155558926' , 'Raleigh Co.' ) ;
Insert into customer (id , fname , lname , address , city , state , zip , phone , company_name ) values ( 109 , 'Jessie' , 'Gagliardo' , '2800 Park Avenue ' , 'Hull' , 'PQ' , 'K1A 0H3' , '8195559539' , 'Newton Ent.' ) ;
Insert into customer (id , fname , lname , address , city , state , zip , phone , company_name ) values ( 110 , 'Michael' , 'Agliori' , '13705 North Glebe Road ' , 'Columbus' , 'OH' , '43216' , '6145552496' , 'The Pep Squad' ) ;
Insert into customer (id , fname , lname , address , city , state , zip , phone , company_name ) values ( 111 , 'Dylan' , 'Ricci' , '14700 Prosperity Avenue ' , 'Syracuse' , 'NY' , '13202' , '3155554486' , 'Dynamics Inc.' ) ;
Insert into customer (id , fname , lname , address , city , state , zip , phone , company_name ) values ( 112 , 'Shawn' , 'McDonough' , '15175 S Main Street ' , 'Brooklyn Park' , 'MN' , '55428' , '6125555603' , 'McManus Inc.' ) ;
Insert into customer (id , fname , lname , address , city , state , zip , phone , company_name ) values ( 113 , 'Samuel' , 'Kaiser' , '404 Bristol Street ' , 'Minneapolis' , 'MN' , '55041' , '6125553409' , 'Lakes Inc.' ) ;
Insert into customer (id , fname , lname , address , city , state , zip , phone , company_name ) values ( 114 , 'Shane' , 'Chopp' , '9925 Summer Street ' , 'St Paul' , 'MN' , '55104' , '6125556453' , 'Howard Co.' ) ;
Insert into customer (id , fname , lname , address , city , state , zip , phone , company_name ) values ( 115 , 'Shannon' , 'Phillips' , '20555 Cory Road ' , 'St Paul' , 'MN' , '55114' , '6125556425' , 'Sterling & Co.' ) ;
Insert into customer (id , fname , lname , address , city , state , zip , phone , company_name ) values ( 116 , 'Brian' , 'Gugliuzza' , '39111 Wyman Street ' , 'Mamaroneck' , 'NY' , '10543' , '9145553817' , 'Sampson & Sons' ) ;
Insert into customer (id , fname , lname , address , city , state , zip , phone , company_name ) values ( 117 , 'Meredith' , 'Morgan' , '9191 Galveston Drive ' , 'Westerville' , 'OH' , '43081' , '6145558989' , 'Square Sports' ) ;
Insert into customer (id , fname , lname , address , city , state , zip , phone , company_name ) values ( 118 , 'Kristina' , 'Sanford' , '2196th Street ' , 'Raleigh' , 'NC' , '27695-7209' , '9195555152' , 'Raleigh Active Wear' ) ;
Insert into customer (id , fname , lname , address , city , state , zip , phone , company_name ) values ( 119 , 'Tomm' , 'Smith' , '3 Post Oak Blvd. ' , 'South Laguna' , 'CA' , '92677' , '7145554996' , 'Ocean Sports' ) ;
Insert into customer (id , fname , lname , address , city , state , zip , phone , company_name ) values ( 120 , 'Gertrude' , 'Stein' , '4 Amon Carter Blvd. ' , 'Elmsford' , 'NY' , '10523' , '9145553476' , 'Carney Co.' ) ;
Insert into customer (id , fname , lname , address , city , state , zip , phone , company_name ) values ( 121 , 'Pete' , 'Elkins' , '23 Lawerence Street ' , 'Carmel' , 'IN' , '46032' , '3175558437' , 'Carmel Industries' ) ;
Insert into customer (id , fname , lname , address , city , state , zip , phone , company_name ) values ( 122 , 'Al' , 'Dente' , '25 N.E. 38th Place ' , 'McLean' , 'VA' , '22102' , '7035557491' , 'Virgina Power' ) ;
Insert into customer (id , fname , lname , address , city , state , zip , phone , company_name ) values ( 123 , 'Amanda' , 'Lin' , '25 North Pine Grove ' , 'Winnipeg' , 'MB' , 'R3C 3V6' , '2045555559' , 'North Land Trading' ) ;
Insert into customer (id , fname , lname , address , city , state , zip , phone , company_name ) values ( 124 , 'Fanny' , 'Farmer' , '110 Barnard Lane ' , 'Wilmington' , 'MA' , '01887' , '6175559386' , 'The Ristuccia Center' ) ;
Insert into customer (id , fname , lname , address , city , state , zip , phone , company_name ) values ( 125 , 'Sidney' , 'Smelledge' , '125 Merritt Drive ' , 'St. Louis' , 'MO' , '63101' , '3145553426' , 'Bush Pro Shop' ) ;
Insert into customer (id , fname , lname , address , city , state , zip , phone , company_name ) values ( 126 , 'Sam' , 'Ovar' , '5 Lindenwood Drive ' , 'San Francisco' , 'CA' , '94105' , '4155555972' , 'Golden Gate Active Wear' ) ;
Insert into customer (id , fname , lname , address , city , state , zip , phone , company_name ) values ( 127 , 'Mary' , 'Lamm' , '10 McKinney' , 'Sarasota' , 'FL' , '34243' , '8135557566' , 'The Palms' ) ;
Insert into customer (id , fname , lname , address , city , state , zip , phone , company_name ) values ( 128 , 'Hardy' , 'Mums' , '11 5th Avenue S.W. ' , 'Boston' , 'MA' , '02106' , '6175554340' , 'BoSox Club' ) ;
Insert into customer (id , fname , lname , address , city , state , zip , phone , company_name ) values ( 129 , 'Heinz' , 'Fahrvergnugen' , '11 Armagh Street ' , 'Baltimore' , 'MD' , '21202' , '3015553322' , 'Camden Sports Apparel' ) ;
Insert into customer (id , fname , lname , address , city , state , zip , phone , company_name ) values ( 130 , 'Sal' , 'Monella' , '20th Eastlake Avenue  ' , 'New Berlin' , 'WI' , '53141' , '4145556799' , 'Wyse Corp.' ) ;
Insert into customer (id , fname , lname , address , city , state , zip , phone , company_name ) values ( 131 , 'Daljit' , 'Sinnot' , '145 Presidents Landing ' , 'Bohemia' , 'NY' , '11716' , '5165559811' , 'The Pro Shopp' ) ;
Insert into customer (id , fname , lname , address , city , state , zip , phone , company_name ) values ( 132 , 'Marilyn' , 'King' , '167 South Ulster' , 'Fort Wayne' , 'IN' , '46801' , '2195554551' , 'Bristol Co.' ) ;
Insert into customer (id , fname , lname , address , city , state , zip , phone , company_name ) values ( 133 , 'Moe' , 'Bilhome' , '180 W. Colfax Avenue ' , 'Burbank' , 'CA' , '91505' , '8185558455' , 'Bilhome Industries' ) ;
Insert into customer (id , fname , lname , address , city , state , zip , phone , company_name ) values ( 134 , 'Paddy' , 'O''Furniture' , '1180 W. Las Colinas ' , 'Mogadore' , 'OH' , '44260' , '2165556283' , 'Gifts & Things' ) ;
Insert into customer (id , fname , lname , address , city , state , zip , phone , company_name ) values ( 135 , 'Belinda' , 'Clarke' , '204 Constitution Avenue ' , 'New York' , 'NY' , '10001' , '2125555026' , 'Hermanns' ) ;
Insert into customer (id , fname , lname , address , city , state , zip , phone , company_name ) values ( 136 , 'Tommie' , 'Wooten' , '1322 Hing Wai Building ' , 'Plymouth' , 'MN' , '55447' , '6125553373' , 'Leisure Time' ) ;
Insert into customer (id , fname , lname , address , city , state , zip , phone , company_name ) values ( 137 , 'Polly' , 'Morfek' , '879 Hopyard Road ' , 'Ft. Wayne' , 'IN' , '46808' , '2195554297' , 'Sports Plus' ) ;
Insert into customer (id , fname , lname , address , city , state , zip , phone , company_name ) values ( 138 , 'Regus' , 'Patoff' , '22 James Way ' , 'Burlington' , 'ON' , 'L7N 5L1' , '9065554252' , 'Sports Replay' ) ;
Insert into customer (id , fname , lname , address , city , state , zip , phone , company_name ) values ( 139 , 'Jai' , 'Dimitros' , '236 Marineship Way ' , 'Boston' , 'MA' , '02201' , '6175556354' , 'Martins Landing' ) ;
Insert into customer (id , fname , lname , address , city , state , zip , phone , company_name ) values ( 140 , 'Thomas' , 'Thumb' , '250 North Vine Street ' , 'Salt Lake City' , 'UT' , '84180' , '8015553550' , 'Ski,Ski,Ski' ) ;
Insert into customer (id , fname , lname , address , city , state , zip , phone , company_name ) values ( 141 , 'Peter' , 'Pyper' , '408 Beta Mall' , 'Fort Wayne' , 'IN' , '46801' , '2195554552' , 'Mall Side Sports' ) ;
Insert into customer (id , fname , lname , address , city , state , zip , phone , company_name ) values ( 142 , 'Alfredo' , 'Margolis' , '400 Bloor Street East' , 'Kansas City' , 'MO' , '64114' , '8165558543' , 'Creative Customs Inc.' ) ;
Insert into customer (id , fname , lname , address , city , state , zip , phone , company_name ) values ( 143 , 'Peter' , 'Piper' , '3100 Stevens Creek Blvd. ' , 'Winnipeg' , 'MB' , 'R3C 3V6' , '2045559414' , 'Molly''s' ) ;
Insert into customer (id , fname , lname , address , city , state , zip , phone , company_name ) values ( 144 , 'Fangmei' , 'Wan' , '4513 E. Hillsdale ' , 'Stowe' , 'MA' , '01775' , '5085558979' , 'Green Acre''s Custom Tee''s' ) ;
Insert into customer (id , fname , lname , address , city , state , zip , phone , company_name ) values ( 145 , 'John' , 'Doe' , '357 Wellworth Ave ' , 'Fairfax' , 'VA' , '22030' , '7035552184' , 'Doe, Rae, Mee' ) ;
Insert into customer (id , fname , lname , address , city , state , zip , phone , company_name ) values ( 146 , 'Alberto' , 'Yost' , '375 White Horse Road ' , 'Spokane' , 'WA' , '99216' , '5095559276' , 'Custom Designs' ) ;
Insert into customer (id , fname , lname , address , city , state , zip , phone , company_name ) values ( 147 , 'Manoj' , 'Lela' , '501 Third Avenue North ' , 'Wood Bridge' , 'NJ' , '07095' , '9085556021' , 'Norton Co.' ) ;
Insert into customer (id , fname , lname , address , city , state , zip , phone , company_name ) values ( 148 , 'Beth' , 'Crooker' , '501 College Road ' , 'Winnipeg' , 'MB' , 'R3C 2P4' , '2045555554' , 'Cooper Inc.' ) ;
Insert into customer (id , fname , lname , address , city , state , zip , phone , company_name ) values ( 149 , 'Hans' , 'Uhnfitte' , '3700 West Wacker Dr ' , 'Winnipeg' , 'MB' , 'R3C 2P4' , '2045554744' , 'The Ultimate ' ) ;
Insert into customer (id , fname , lname , address , city , state , zip , phone , company_name ) values ( 150 , 'Carl' , 'Mason' , '1000 Powell Street ' , 'Don Mills' , 'ON' , 'M3C 3N4' , '4165555108' , 'Power Play' ) ;
Insert into customer (id , fname , lname , address , city , state , zip , phone , company_name ) values ( 151 , 'Balwinder' , 'Sinitskaya' , '1133 Century Blvd ' , 'Overland Park' , 'KS' , '66210' , '9135554519' , 'Toto''s Active Wear' ) ;
Insert into customer (id , fname , lname , address , city , state , zip , phone , company_name ) values ( 152 , 'Davey' , 'Jones' , '1218 Inelt Business Ctr. ' , 'Austin' , 'NY' , '11746' , '5165555952' , 'Play it again Sports' ) ;
Insert into customer (id , fname , lname , address , city , state , zip , phone , company_name ) values ( 153 , 'Paul' , 'Jones' , '1221 Innovation Drive ' , 'Cincinnati' , 'OH' , '45202' , '5135557622' , 'Three Rivers Pro Shop' ) ;
Insert into customer (id , fname , lname , address , city , state , zip , phone , company_name ) values ( 154 , 'Marvin' , 'Smythe' , '1291 North 27th Ave ' , 'North Miami' , 'FL' , '33181' , '3055559457' , 'Marlin Mainia' ) ;
Insert into customer (id , fname , lname , address , city , state , zip , phone , company_name ) values ( 155 , 'Milo' , 'Phipps' , '1380 Osterbrogade ' , 'Lakewood' , 'OH' , '44107' , '2165552264' , 'Things Remembered' ) ;
Insert into customer (id , fname , lname , address , city , state , zip , phone , company_name ) values ( 156 , 'Sue' , 'DuCode' , '1515 San Thomas Avenue ' , 'St Louis' , 'MO' , '63131' , '3145558227' , 'Ozzie''s Haven' ) ;
Insert into customer (id , fname , lname , address , city , state , zip , phone , company_name ) values ( 157 , 'William' , 'Watcom' , '1615 Silver Lake Road ' , 'Chicago' , 'IL' , '60645' , '3125557433' , 'The Cub''s Den' ) ;
Insert into customer (id , fname , lname , address , city , state , zip , phone , company_name ) values ( 158 , 'Jack' , 'Cass' , '3626 West Court Street ' , 'Lexington' , 'MA' , '02173' , '6175558610' , 'Jordan''s Basement' ) ;
Insert into customer (id , fname , lname , address , city , state , zip , phone , company_name ) values ( 159 , 'Rick' , 'Shaw' , '3715 West Loop South ' , 'West Bloomfield' , 'MI' , '48324' , '3135553638' , 'ScrimShaw''s' ) ;
Insert into customer (id , fname , lname , address , city , state , zip , phone , company_name ) values ( 160 , 'Clara' , 'Nette' , '3773 Wilshire Blvd ' , 'Port Washington' , 'NY' , '11050' , '5165556250' , 'Discount Department Store' ) ;
Insert into customer (id , fname , lname , address , city , state , zip , phone , company_name ) values ( 161 , 'Gene' , 'Poole' , '3860 Vreeland Road ' , 'Washington' , 'DC' , '20581' , '2025556537' , 'State House Active Wear' ) ;
Insert into customer (id , fname , lname , address , city , state , zip , phone , company_name ) values ( 162 , 'Melba' , 'Toste' , '3930 51st Ave North ' , 'Powell' , 'OH' , '43065' , '6145558983' , 'The Real Deal' ) ;
Insert into customer (id , fname , lname , address , city , state , zip , phone , company_name ) values ( 163 , 'R.I.' , 'Peese' , '4199 Buckingham ' , 'Mississauga' , 'ON' , 'L4W 2S6' , '4165556026' , 'Mount Eastern Sports' ) ;
Insert into customer (id , fname , lname , address , city , state , zip , phone , company_name ) values ( 164 , 'Aram' , 'Najarian' , '200 Cambridge Center ' , 'Danbury' , 'CT' , '6811' , '2035557907' , 'Bloomfield''s' ) ;
Insert into customer (id , fname , lname , address , city , state , zip , phone , company_name ) values ( 165 , 'Tamara' , 'Mournen' , '42 Choke Cherry Road ' , 'Ft. Wayne' , 'IN' , '46808' , '2195554297' , 'Moran''s Gift Shop' ) ;
Insert into customer (id , fname , lname , address , city , state , zip , phone , company_name ) values ( 166 , 'Malcolm' , 'Naddem' , '4255 Commerce Parkway ' , 'Buford' , 'GA' , '30518' , '4045552529' , 'Hospital Gift''s' ) ;
Insert into customer (id , fname , lname , address , city , state , zip , phone , company_name ) values ( 167 , 'Nicklas' , 'Cara' , '1700 State Highway 249 ' , 'Lakewood' , 'OH' , '44107' , '2165552264' , 'The Road Side Inn' ) ;
Insert into customer (id , fname , lname , address , city , state , zip , phone , company_name ) values ( 168 , 'Almen' , 'de Joie' , '1750 Sweitzer Lane ' , 'Huntington Beach' , 'CA' , '92649' , '7145555475' , 'Surf''s Up!' ) ;
Insert into customer (id , fname , lname , address , city , state , zip , phone , company_name ) values ( 169 , 'Laura' , 'Terlemezian' , '240 First Street' , 'Matthews' , 'NC' , '28105' , '7045558411' , 'CoMed' ) ;
Insert into customer (id , fname , lname , address , city , state , zip , phone , company_name ) values ( 170 , 'Manh' , 'Neubauer' , '2140 Haddington Street ' , 'Jacksonville' , 'FL' , '32206' , '9045553551' , 'Jason''s Sporting Goods' ) ;
Insert into customer (id , fname , lname , address , city , state , zip , phone , company_name ) values ( 171 , 'Vincent' , 'Nahra' , '2180 Harwin Drive ' , 'West Chicago' , 'IL' , '60185-1120' , '3125555551' , 'Iron Mike''s Apparel' ) ;
Insert into customer (id , fname , lname , address , city , state , zip , phone , company_name ) values ( 172 , 'Grace' , 'Perez' , '395 Market Street ' , 'Landover' , 'MA' , '20785' , '3015557728' , 'Avon Inc.' ) ;
Insert into customer (id , fname , lname , address , city , state , zip , phone , company_name ) values ( 173 , 'Grover' , 'Pendelton' , '239 Merritt Drive ' , 'Clarksburg' , 'MD' , '20871' , '3015554284' , 'Simply Tee''s' ) ;
Insert into customer (id , fname , lname , address , city , state , zip , phone , company_name ) values ( 174 , 'Anabai' , 'Zoblotny' , '12600 N.E. Airport Way ' , 'Denver' , 'CO' , '80225' , '3035552757' , 'Hats Etc.' ) ;
Insert into customer (id , fname , lname , address , city , state , zip , phone , company_name ) values ( 175 , 'Tawfik' , 'Perkins' , '1270 N.W. 7th Avenue ' , 'Victoria' , 'BC' , 'V8W 2B7' , '6045553801' , 'The Hat Company' ) ;
Insert into customer (id , fname , lname , address , city , state , zip , phone , company_name ) values ( 176 , 'Helen' , 'Shumovich' , '2800 Park Plaza #1800 ' , 'Baltimore' , 'MD' , '21209' , '4105553322' , 'The Bird''s Loft' ) ;
Insert into customer (id , fname , lname , address , city , state , zip , phone , company_name ) values ( 177 , 'Joseph' , 'Zubenko' , '314 Stonehollow Drive ' , 'Raleigh' , 'NC' , '27695' , '9195555152' , 'Avco Ent.' ) ;
Insert into customer (id , fname , lname , address , city , state , zip , phone , company_name ) values ( 178 , 'Suresh' , 'Naidu' , '321 Sycamore Drive' , 'New London' , 'CT' , '6320' , '2035554440' , 'Amy''s Silk Screening' ) ;
Insert into customer (id , fname , lname , address , city , state , zip , phone , company_name ) values ( 179 , 'Marsha' , 'Nguyen' , '44 Dunlaney Gate Circle ' , 'Miramar' , 'FL' , '33027' , '3055554336' , 'Resco' ) ;
Insert into customer (id , fname , lname , address , city , state , zip , phone , company_name ) values ( 180 , 'Edith' , 'Peros' , '50 Market Street ' , 'Rochester' , 'NY' , '14624' , '7165554275' , 'Breswick''s Department Store' ) ;
Insert into customer (id , fname , lname , address , city , state , zip , phone , company_name ) values ( 181 , 'Emunah' , 'Teeven' , '101 Wilshire Blvd. ' , 'Washington' , 'DC' , '20240' , '2025552083' , 'Hometown Tee''s' ) ;
Insert into customer (id , fname , lname , address , city , state , zip , phone , company_name ) values ( 182 , 'Leilani' , 'Gardner' , '103 Campus Drive ' , 'Acworth' , 'CA' , '30102' , '4045559283' , 'Polly''s Custom Design' ) ;
Insert into customer (id , fname , lname , address , city , state , zip , phone , company_name ) values ( 183 , 'Marilyn' , 'Nakagama' , '105 Central Avenue ' , 'Winter Park' , 'FL' , '32792' , '4075556776' , 'Zoo Gift Shop' ) ;
Insert into customer (id , fname , lname , address , city , state , zip , phone , company_name ) values ( 184 , 'Anoush' , 'Serafina' , '4643 Greenway Place ' , 'Overland Park' , 'KS' , '66210' , '9135554519' , 'Westend Dealers' ) ;
Insert into customer (id , fname , lname , address , city , state , zip , phone , company_name ) values ( 185 , 'Serop' , 'Belmont' , '4867 Hadley Lane' , 'Hartford' , 'CT' , '6115' , '2035555474' , 'The Heartford' ) ;
Insert into customer (id , fname , lname , address , city , state , zip , phone , company_name ) values ( 186 , 'Thao' , 'Tenorio' , '5000 Midway Road ' , 'Kansas City' , 'MO' , '64105' , '8165558543' , 'Wally''s World ' ) ;
Insert into customer (id , fname , lname , address , city , state , zip , phone , company_name ) values ( 187 , 'Sebouh' , 'Bensoul' , '8024 Van Ness Way ' , 'Peoria' , 'IL' , '61614' , '3095556915' , 'Bensoul''s Boutique' ) ;
Insert into customer (id , fname , lname , address , city , state , zip , phone , company_name ) values ( 188 , 'Vartan' , 'Berenberg' , '1020 110th Avenue N.E. ' , 'Northbrook' , 'IL' , '60062' , '7085552914' , 'Diva''s Design' ) ;
Insert into customer (id , fname , lname , address , city , state , zip , phone , company_name ) values ( 189 , 'Herbert' , 'Berejiklian' , '1535 Municiple Drive ' , 'Cambridge' , 'MA' , '02142' , '6175553547' , 'Out of Town Sports' ) ;
Insert into customer (id , fname , lname , address , city , state , zip , phone , company_name ) values ( 190 , 'Randy' , 'Arlington' , '1635 N Franklin Turnpike ' , 'Detriot' , 'MI' , '48214' , '3135555716' , 'Jim Dandy''s' ) ;
Insert into customer (id , fname , lname , address , city , state , zip , phone , company_name ) values ( 191 , 'Marta' , 'Richards' , '10707 Northridge Road ' , 'Miami' , 'FL' , '33172' , '3055554711' , 'Ocean Sports Wear' ) ;
Insert into customer (id , fname , lname , address , city , state , zip , phone , company_name ) values ( 192 , 'Rosanna' , 'Beldov' , '1889 Northside Parkway ' , 'Sioux City' , 'IA' , '51102' , '7125552741' , 'Morrell Inc.' ) ;
Insert into customer (id , fname , lname , address , city , state , zip , phone , company_name ) values ( 193 , 'Alfred' , 'Newman' , '2721 Northeast 99th Way ' , 'Kansas City' , 'MO' , '64114' , '8165558543' , 'Big Sky Design' ) ;
Insert into customer (id , fname , lname , address , city , state , zip , phone , company_name ) values ( 194 , 'Jen-Chang' , 'Chin' , '2770 Oyster Point Blvd ' , 'Fairfax' , 'VA' , '02203' , '7035558037' , 'Cinnamon Rainbow''s' ) ;
Insert into customer (id , fname , lname , address , city , state , zip , phone , company_name ) values ( 195 , 'Li-Hui' , 'Jyh-Hwa' , '301 Potrero Avenue ' , 'Atlanta' , 'GA' , '30303' , '4045556762' , 'Peachtree Active Wear' ) ;
Insert into customer (id , fname , lname , address , city , state , zip , phone , company_name ) values ( 196 , 'Ling Ling' , 'Andrews' , '303 Roe Avenue ' , 'Edmonton' , 'AB' , 'T5N 1S5' , '4035554884' , 'The Igloo' ) ;
Insert into customer (id , fname , lname , address , city , state , zip , phone , company_name ) values ( 197 , 'Maio' , 'Chermak' , '330 Sycamore Road ' , 'Atlanta' , 'GA' , '30346' , '4045558046' , 'Southern Sports' ) ;
Insert into customer (id , fname , lname , address , city , state , zip , phone , company_name ) values ( 198 , 'Sheng' , 'Chen' , '1801 W. Six Mile Road ' , 'San Ramon' , 'CA' , '94583' , '5105558666' , 'Able Inc.' ) ;
Insert into customer (id , fname , lname , address , city , state , zip , phone , company_name ) values ( 199 , 'Ella' , 'Mentary' , '452 Embarcadero Center ' , 'Rochester' , 'NY' , '14644' , '7165554236' , 'Nobel Co.' ) ;
Insert into customer (id , fname , lname , address , city , state , zip , phone , company_name ) values ( 200 , 'Helen' , 'Chau' , '1900 Yamato Road ' , 'North Potomac' , 'MD' , '20878' , '3015553099' , 'Stone''s Sporting Goods' ) ;
Insert into customer (id , fname , lname , address , city , state , zip , phone , company_name ) values ( 201 , 'Amit' , 'Singh' , '1986 Yonge Street' , 'Overland Park' , 'KS' , '66210' , '9135554519' , 'Overland Army Navy' ) ;
Insert into customer (id , fname , lname , address , city , state , zip , phone , company_name ) values ( 202 , 'Bubba' , 'Murphy' , '2401 N. 44th Street ' , 'White Plains' , 'NY' , '10604' , '9145556961' , 'Dane''s World' ) ;
Insert into customer (id , fname , lname , address , city , state , zip , phone , company_name ) values ( 203 , 'Salton' , 'Pepper' , '401 Boylston Street' , 'Madison' , 'WI' , '53705' , '6085552673' , 'Salt & Pepper''s' ) ;
Insert into customer (id , fname , lname , address , city , state , zip , phone , company_name ) values ( 204 , 'Robert' , 'Spaid' , '333 Town Center ' , 'Jackson' , 'MI' , '49202' , '5175557883' , 'Cognos Sports' ) ;
Insert into customer (id , fname , lname , address , city , state , zip , phone , company_name ) values ( 205 , 'Elmo' , 'Smythe' , '2815 Plaza Street ' , 'East Douglas' , 'MA' , '01516' , '5085554761' , 'East Coast Traders' ) ;
Insert into customer (id , fname , lname , address , city , state , zip , phone , company_name ) values ( 206 , 'JohnPaul' , 'Jones' , '2999 Post Oak Blvd. ' , 'Reston' , 'VA' , '22091' , '7035556209' , 'Chadwicks' ) ;
Insert into customer (id , fname , lname , address , city , state , zip , phone , company_name ) values ( 207 , 'Wen-Chu' , 'Donchek' , '2406 N. Mission ' , 'Lisle' , 'IL' , '60532' , '7085555055' , 'The Country Store' ) ;
Insert into customer (id , fname , lname , address , city , state , zip , phone , company_name ) values ( 208 , 'Derek' , 'Suess' , '234 King George Drive' , 'Albany' , 'NY' , '12208' , '5185552623' , 'Capital Center Sports' ) ;
Insert into customer (id , fname , lname , address , city , state , zip , phone , company_name ) values ( 209 , 'Laura' , 'Boyle' , '130 Pillsbury Road' , 'Los Altos' , 'CA' , '94022' , '4155559678' , 'Boyle''s Swap Meet' ) ;
Insert into customer (id , fname , lname , address , city , state , zip , phone , company_name ) values ( 220 , 'Lewis N.' , 'Clark' , '245 Expedition Hwy' , 'Laramie' , 'WY' , '85293' , '3075556589' , 'Trek Outfitters' ) ;
Insert into customer (id , fname , lname , address , city , state , zip , phone , company_name ) values ( 221 , 'Jack ' , 'Johnson' , '45 Shoebox Lane' , 'Santa Fe' , 'NM' , '40420' , '5055554568' , 'Turkey Creek Co.' ) ;
Insert into customer (id , fname , lname , address , city , state , zip , phone , company_name ) values ( 222 , 'Jane' , 'Doe' , '57 Disk Drive' , 'San Jose' , 'CA' , '94020' , '4085558796' , 'data Recovery Services' ) ;
Insert into customer (id , fname , lname , address , city , state , zip , phone , company_name ) values ( 330 , 'John' , 'Glenn' , '90 Rocket Pad' , 'Orlando' , 'FL' , '32200' , '4075558574' , 'Launch Facilities' ) ;
Insert into customer (id , fname , lname , address , city , state , zip , phone , company_name ) values ( 331 , 'Dominic' , 'Johansen' , '33 West Street' , 'New Orleans' , 'LA' , '33552' , '5045558487' , 'Mardi Gras Parties' ) ;
Insert into customer (id , fname , lname , address , city , state , zip , phone , company_name ) values ( 332 , 'Stanley' , 'Jue' , '67 Bronco Circle' , 'Houston' , 'TX' , '77057' , '7135558857' , 'Bay Town Bus Co.' ) ;
Insert into customer (id , fname , lname , address , city , state , zip , phone , company_name ) values ( 333 , 'Harry' , 'Jones' , '25 Software Rd' , 'San Jose' , 'CA' , '94020' , '4085556689' , 'Bits & Bytes' ) ;
Insert into customer (id , fname , lname , address , city , state , zip , phone , company_name ) values ( 440 , 'Marie' , 'Curie' , '210 Helping Hand Hwy' , 'LeCroix' , 'MA' , '02140' , '6175558875' , 'Wind & Rain' ) ;
Insert into customer (id , fname , lname , address , city , state , zip , phone , company_name ) values ( 441 , 'Elizibeth' , 'Bordon' , '87 Grinding Stone Rd' , 'New Bedford' , 'MA' , '01801' , '5085558879' , 'Blades & things' ) ;
Insert into customer (id , fname , lname , address , city , state , zip , phone , company_name ) values ( 444 , 'Len' , 'Manager' , '23 Network Way' , 'Dallas' , 'TX' , '76552' , '2145552685' , 'Let''s get Connected' ) ;
Insert into customer (id , fname , lname , address , city , state , zip , phone , company_name ) values ( 550 , 'Tony' , 'Antolini' , '6678 Sliver Road' , 'Fargo' , 'ND' , '60500' , '7015553259' , 'Flat Landers' ) ;
Insert into customer (id , fname , lname , address , city , state , zip , phone , company_name ) values ( 551 , 'Tom' , 'Cruz' , '789 Far Away Lane' , 'Eugene' , 'OR' , '98524' , '5035557462' , 'Raceway Engines' ) ;
Insert into customer (id , fname , lname , address , city , state , zip , phone , company_name ) values ( 552 , 'Janice' , 'O''Toole' , '654 West Hill' , 'Nashville' , 'TN' , '37320' , '6155553689' , 'Greensleeves' ) ;
Insert into customer (id , fname , lname , address , city , state , zip , phone , company_name ) values ( 553 , 'Stevie' , 'Nickolas' , '77 Recordings Circle' , 'Tacoma' , 'WA' , '96521' , '5095551695' , 'It''s a Hit!' ) ;
Insert into customer (id , fname , lname , address , city , state , zip , phone , company_name ) values ( 555 , 'Philipe' , 'Fernandez' , '99 Main Street' , 'Los Angeles' , 'CA' , '90205' , '2135554457' , 'Quaker Fashions' ) ;
Insert into customer (id , fname , lname , address , city , state , zip , phone , company_name ) values ( 661 , 'Jennifer' , 'Stutzman' , '3 Back Pages Lane' , 'Missola' , 'IL' , '60505' , '7085556857' , 'Stutzman Advertising' ) ;
Insert into customer (id , fname , lname , address , city , state , zip , phone , company_name ) values ( 665 , 'William' , 'Thompson' , '91 Washington Street' , 'Manchester' , 'NY' , '11700' , '5165552549' , 'The Apple Farm' ) ;

-- end table    customer

CREATE TABLE department (
    dept_id INTEGER NOT NULL ,
    dept_name VARCHAR(40) NOT NULL ,
    dept_head_id INTEGER NULL, 
    PRIMARY KEY (dept_id) 
) ;

Insert into department (dept_id , dept_name , dept_head_id ) values ( 100 , 'R & D' , 501 ) ;
Insert into department (dept_id , dept_name , dept_head_id ) values ( 200 , 'Sales' , 902 ) ;
Insert into department (dept_id , dept_name , dept_head_id ) values ( 300 , 'Finance' , 1293 ) ;
Insert into department (dept_id , dept_name , dept_head_id ) values ( 400 , 'Marketing' , 1576 ) ;
Insert into department (dept_id , dept_name , dept_head_id ) values ( 500 , 'Shipping' , 703 ) ;

-- end table    department

CREATE TABLE employee (
    emp_id INTEGER NOT NULL ,
    manager_id INTEGER NULL ,
    emp_fname VARCHAR(20) NOT NULL ,
    emp_lname VARCHAR(20) NOT NULL ,
    dept_id INTEGER NOT NULL ,
    street VARCHAR(40) NOT NULL ,
    city VARCHAR(20) NOT NULL ,
    state VARCHAR(4) NOT NULL ,
    zip_code VARCHAR(9) NOT NULL ,
    phone VARCHAR(10) NULL ,
    status VARCHAR(1) NULL ,
    ss_number VARCHAR(11) NOT NULL ,
    salary NUMERIC(20, 3) NOT NULL ,
    start_date DATE NOT NULL ,
    termination_date DATE NULL ,
    birth_date DATE NULL ,
    bene_health_ins VARCHAR(1) NULL ,
    bene_life_ins VARCHAR(1) NULL ,
    bene_day_care VARCHAR(1) NULL ,
    sex VARCHAR(1) NULL ,
    PRIMARY KEY (emp_id)
) ;

Insert into employee (emp_id , manager_id , emp_fname , emp_lname , dept_id , street , city , state , zip_code , phone , status , ss_number , salary , start_date , termination_date , birth_date , bene_health_ins , bene_life_ins , bene_day_care , sex ) values ( 102 , 501 , 'Fran' , 'Whitney' , 100 , '49 East Washington Street' , 'Needham' , 'MA' , '02192    ' , '6175553985' , 'A' , '017349033' , 45700 , '1984-08-28' , NULL , '1958-06-05' , 'Y' , 'Y' , 'N' , 'F' ) ;
Insert into employee (emp_id , manager_id , emp_fname , emp_lname , dept_id , street , city , state , zip_code , phone , status , ss_number , salary , start_date , termination_date , birth_date , bene_health_ins , bene_life_ins , bene_day_care , sex ) values ( 105 , 501 , 'Matthew' , 'Cobb' , 100 , '77 Pleasant Street' , 'Waltham' , 'MA' , '02154    ' , '6175553840' , 'A' , '052345739' , 62000 , '1985-01-01' , NULL , '1960-12-04' , 'Y' , 'Y' , 'N' , 'M' ) ;
Insert into employee (emp_id , manager_id , emp_fname , emp_lname , dept_id , street , city , state , zip_code , phone , status , ss_number , salary , start_date , termination_date , birth_date , bene_health_ins , bene_life_ins , bene_day_care , sex ) values ( 129 , 902 , 'Philip' , 'Chin' , 200 , '59 Pond Street' , 'Atlanta' , 'GA' , '30339    ' , '4045552341' , 'A' , '024608923' , 38500 , '1985-02-03' , NULL , '1966-10-30' , 'Y' , 'Y' , 'N' , 'M' ) ;
Insert into employee (emp_id , manager_id , emp_fname , emp_lname , dept_id , street , city , state , zip_code , phone , status , ss_number , salary , start_date , termination_date , birth_date , bene_health_ins , bene_life_ins , bene_day_care , sex ) values ( 148 , 1293 , 'Julie' , 'Jordan' , 300 , '144 Great Plain Avenue' , 'Winchester' , 'MA' , '01890    ' , '6175557835' , 'A' , '501704733' , 51432 , '1985-04-05' , NULL , '1951-12-13' , 'Y' , 'Y' , 'N' , 'F' ) ;
Insert into employee (emp_id , manager_id , emp_fname , emp_lname , dept_id , street , city , state , zip_code , phone , status , ss_number , salary , start_date , termination_date , birth_date , bene_health_ins , bene_life_ins , bene_day_care , sex ) values ( 160 , 501 , 'Robert' , 'Breault' , 100 , '58 Cherry Street' , 'Milton' , 'MA' , '02186    ' , '6175553099' , 'A' , '025487623' , 57490 , '1985-06-17' , NULL , '1947-05-13' , 'Y' , 'Y' , 'Y' , 'M' ) ;
Insert into employee (emp_id , manager_id , emp_fname , emp_lname , dept_id , street , city , state , zip_code , phone , status , ss_number , salary , start_date , termination_date , birth_date , bene_health_ins , bene_life_ins , bene_day_care , sex ) values ( 184 , 1576 , 'Melissa' , 'Espinoza' , 400 , '112 Apple Tree Way' , 'Stow' , 'MA' , '01775    ' , '5085552319' , 'A' , '025481943' , 36490 , '1985-10-18' , NULL , '1939-12-14' , 'Y' , 'Y' , 'N' , 'F' ) ;
Insert into employee (emp_id , manager_id , emp_fname , emp_lname , dept_id , street , city , state , zip_code , phone , status , ss_number , salary , start_date , termination_date , birth_date , bene_health_ins , bene_life_ins , bene_day_care , sex ) values ( 191 , 703 , 'Jeannette' , 'Bertrand' , 500 , '209 Concord Street' , 'Acton' , 'MA' , '01720    ' , '5085558138' , 'A' , '017348821' , 29800 , '1985-11-19' , NULL , '1964-12-21' , 'Y' , 'Y' , 'Y' , 'F' ) ;
Insert into employee (emp_id , manager_id , emp_fname , emp_lname , dept_id , street , city , state , zip_code , phone , status , ss_number , salary , start_date , termination_date , birth_date , bene_health_ins , bene_life_ins , bene_day_care , sex ) values ( 195 , 902 , 'Marc' , 'Dill' , 200 , '89 Hancock Street' , 'Milton' , 'MA' , '02186    ' , '6175552144' , 'A' , '079486634' , 54800 , '1985-12-06' , NULL , '1963-07-19' , 'Y' , 'Y' , 'N' , 'M' ) ;
Insert into employee (emp_id , manager_id , emp_fname , emp_lname , dept_id , street , city , state , zip_code , phone , status , ss_number , salary , start_date , termination_date , birth_date , bene_health_ins , bene_life_ins , bene_day_care , sex ) values ( 207 , 1576 , 'Jane' , 'Francis' , 400 , '12 Hawthorne Drive' , 'Concord' , 'MA' , '01742    ' , '5085559022' , 'A' , '501708992' , 53870 , '1986-02-03' , NULL , '1954-09-12' , 'Y' , 'Y' , 'N' , 'F' ) ;
Insert into employee (emp_id , manager_id , emp_fname , emp_lname , dept_id , street , city , state , zip_code , phone , status , ss_number , salary , start_date , termination_date , birth_date , bene_health_ins , bene_life_ins , bene_day_care , sex ) values ( 243 , 501 , 'Natasha' , 'Shishov' , 100 , '15 Milk Street ' , 'Waltham' , 'MA' , '02154    ' , '6175552755' , 'A' , '043216799' , 72995 , '1986-06-07' , NULL , '1949-04-22' , 'Y' , 'Y' , 'N' , 'F' ) ;
Insert into employee (emp_id , manager_id , emp_fname , emp_lname , dept_id , street , city , state , zip_code , phone , status , ss_number , salary , start_date , termination_date , birth_date , bene_health_ins , bene_life_ins , bene_day_care , sex ) values ( 247 , 501 , 'Kurt' , 'Driscoll' , 100 , '154 School Street' , 'Waltham' , 'MA' , '02154' , '6175551234' , 'L' , '024601768' , 48023.69 , '1986-07-01' , NULL , '1955-03-05' , 'Y' , 'Y' , 'Y' , 'M' ) ;
Insert into employee (emp_id , manager_id , emp_fname , emp_lname , dept_id , street , city , state , zip_code , phone , status , ss_number , salary , start_date , termination_date , birth_date , bene_health_ins , bene_life_ins , bene_day_care , sex ) values ( 249 , 501 , 'Rodrigo' , 'Guevara' , 100 , 'East Main Street' , 'Framingham' , 'MA' , '01701    ' , '5085550029' , 'A' , '084329990' , 42998 , '1986-10-14' , NULL , '1956-11-23' , 'Y' , 'Y' , 'N' , 'M' ) ;
Insert into employee (emp_id , manager_id , emp_fname , emp_lname , dept_id , street , city , state , zip_code , phone , status , ss_number , salary , start_date , termination_date , birth_date , bene_health_ins , bene_life_ins , bene_day_care , sex ) values ( 266 , 501 , 'Ram' , 'Gowda' , 100 , '79 Page Street' , 'Natick' , 'MA' , '01760    ' , '5085558722' , 'A' , '017346122' , 59840 , '1986-11-30' , NULL , '1947-10-18' , 'N' , 'Y' , 'N' , 'M' ) ;
Insert into employee (emp_id , manager_id , emp_fname , emp_lname , dept_id , street , city , state , zip_code , phone , status , ss_number , salary , start_date , termination_date , birth_date , bene_health_ins , bene_life_ins , bene_day_care , sex ) values ( 278 , 501 , 'Terry' , 'Melkisetian' , 100 , '87 Oxford Road' , 'Watertown' , 'MA' , '02172    ' , '6175555188' , 'A' , '087602311' , 48500 , '1986-12-06' , NULL , '1966-05-17' , 'Y' , 'Y' , 'Y' , 'F' ) ;
Insert into employee (emp_id , manager_id , emp_fname , emp_lname , dept_id , street , city , state , zip_code , phone , status , ss_number , salary , start_date , termination_date , birth_date , bene_health_ins , bene_life_ins , bene_day_care , sex ) values ( 299 , 902 , 'Rollin' , 'Overbey' , 200 , '1915 Companion Ct.' , 'Emeryville' , 'CA' , '94608    ' , '5105557255' , 'A' , '025487133' , 39300 , '1987-02-19' , NULL , '1964-03-15' , 'Y' , 'Y' , 'N' , 'M' ) ;
Insert into employee (emp_id , manager_id , emp_fname , emp_lname , dept_id , street , city , state , zip_code , phone , status , ss_number , salary , start_date , termination_date , birth_date , bene_health_ins , bene_life_ins , bene_day_care , sex ) values ( 316 , 501 , 'Lynn' , 'Pastor' , 100 , '14 Cricklewood Drive' , 'Burlington' , 'MA' , '01803    ' , '6175552001' , 'A' , '048667211' , 74500 , '1987-04-26' , NULL , '1962-07-14' , 'Y' , 'Y' , 'Y' , 'F' ) ;
Insert into employee (emp_id , manager_id , emp_fname , emp_lname , dept_id , street , city , state , zip_code , phone , status , ss_number , salary , start_date , termination_date , birth_date , bene_health_ins , bene_life_ins , bene_day_care , sex ) values ( 318 , 1576 , 'John' , 'Crow' , 400 , '531 Main Street' , 'Watertown' , 'MA' , '02172' , '6175553332' , 'A' , '079349168' , 41700.75 , '1987-05-23' , NULL , '1962-04-24' , 'Y' , 'Y' , 'N' , 'M' ) ;
Insert into employee (emp_id , manager_id , emp_fname , emp_lname , dept_id , street , city , state , zip_code , phone , status , ss_number , salary , start_date , termination_date , birth_date , bene_health_ins , bene_life_ins , bene_day_care , sex ) values ( 390 , 1293 , 'Jo Ann' , 'Davidson' , 300 , '27 Mount Vernon Road' , 'Needham' , 'MA' , '02192    ' , '6175553870' , 'A' , '027341657' , 57090 , '1987-06-02' , NULL , '1957-02-17' , 'N' , 'Y' , 'Y' , 'F' ) ;
Insert into employee (emp_id , manager_id , emp_fname , emp_lname , dept_id , street , city , state , zip_code , phone , status , ss_number , salary , start_date , termination_date , birth_date , bene_health_ins , bene_life_ins , bene_day_care , sex ) values ( 409 , 1576 , 'Bruce' , 'Weaver' , 400 , '19 Westmoreland Street' , 'Lexington' , 'MA' , '02173    ' , '6175554444' , 'A' , '048781192' , 46550 , '1987-06-10' , NULL , '1946-04-05' , 'Y' , 'Y' , 'N' , 'M' ) ;
Insert into employee (emp_id , manager_id , emp_fname , emp_lname , dept_id , street , city , state , zip_code , phone , status , ss_number , salary , start_date , termination_date , birth_date , bene_health_ins , bene_life_ins , bene_day_care , sex ) values ( 445 , 501 , 'Kim' , 'Lull' , 100 , '199 Lincoln Street' , 'Concord' , 'MA' , '01742    ' , '5085554444' , 'A' , '017508821' , 87900 , '1987-06-15' , NULL , '1955-01-19' , 'Y' , 'Y' , 'N' , 'M' ) ;
Insert into employee (emp_id , manager_id , emp_fname , emp_lname , dept_id , street , city , state , zip_code , phone , status , ss_number , salary , start_date , termination_date , birth_date , bene_health_ins , bene_life_ins , bene_day_care , sex ) values ( 453 , 501 , 'Andrew' , 'Rabkin' , 100 , '44 Birds Hill Way' , 'Burlington' , 'MA' , '01803    ' , '6175554444' , 'A' , '029458129' , 64500 , '1987-06-15' , NULL , '1957-08-10' , 'Y' , 'Y' , 'N' , 'M' ) ;
Insert into employee (emp_id , manager_id , emp_fname , emp_lname , dept_id , street , city , state , zip_code , phone , status , ss_number , salary , start_date , termination_date , birth_date , bene_health_ins , bene_life_ins , bene_day_care , sex ) values ( 467 , 902 , 'James' , 'Klobucher' , 200 , '18 Corning Street' , 'Houston' , 'TX' , '77079    ' , '7135558627' , 'A' , '034281032' , 49500 , '1987-07-10' , NULL , '1952-11-09' , 'Y' , 'Y' , 'N' , 'M' ) ;
Insert into employee (emp_id , manager_id , emp_fname , emp_lname , dept_id , street , city , state , zip_code , phone , status , ss_number , salary , start_date , termination_date , birth_date , bene_health_ins , bene_life_ins , bene_day_care , sex ) values ( 479 , 501 , 'Linda' , 'Siperstein' , 100 , '341 Hillside Avenue' , 'Newton' , 'MA' , '02164    ' , '6175556588' , 'L' , '022415639' , 39875.5 , '1987-07-23' , NULL , '1967-09-21' , 'Y' , 'Y' , 'N' , 'F' ) ;
Insert into employee (emp_id , manager_id , emp_fname , emp_lname , dept_id , street , city , state , zip_code , phone , status , ss_number , salary , start_date , termination_date , birth_date , bene_health_ins , bene_life_ins , bene_day_care , sex ) values ( 501 , 501 , 'David' , 'Scott' , 100 , '21 Riverdale Drive' , 'Belmont' , 'MA' , '02178    ' , '6175553246' , 'A' , '064983327' , 96300 , '1987-08-04' , NULL , '1947-03-01' , 'Y' , 'Y' , 'Y' , 'M' ) ;
Insert into employee (emp_id , manager_id , emp_fname , emp_lname , dept_id , street , city , state , zip_code , phone , status , ss_number , salary , start_date , termination_date , birth_date , bene_health_ins , bene_life_ins , bene_day_care , sex ) values ( 529 , 501 , 'Dorothy' , 'Sullivan' , 100 , '124 Minuteman Drive' , 'Lexington' , 'MA' , '02173    ' , '6175553947' , 'A' , '501324492' , 67890 , '1988-02-03' , NULL , '1950-04-19' , 'Y' , 'Y' , 'N' , 'F' ) ;
Insert into employee (emp_id , manager_id , emp_fname , emp_lname , dept_id , street , city , state , zip_code , phone , status , ss_number , salary , start_date , termination_date , birth_date , bene_health_ins , bene_life_ins , bene_day_care , sex ) values ( 582 , 501 , 'Peter' , 'Samuels' , 100 , '54 Woodlawn Street' , 'Newton' , 'MA' , '02164    ' , '6175558342' , 'A' , '038218867' , 37400 , '1988-03-23' , NULL , '1968-02-28' , 'Y' , 'Y' , 'N' , 'M' ) ;
Insert into employee (emp_id , manager_id , emp_fname , emp_lname , dept_id , street , city , state , zip_code , phone , status , ss_number , salary , start_date , termination_date , birth_date , bene_health_ins , bene_life_ins , bene_day_care , sex ) values ( 586 , 1293 , 'James' , 'Coleman' , 300 , '57 Heather Hill Drive' , 'Acton' , 'MA' , '01720    ' , '5085554735' , 'L' , '031281245' , 42300 , '1988-04-05' , NULL , '1966-03-04' , 'Y' , 'Y' , 'N' , 'M' ) ;
Insert into employee (emp_id , manager_id , emp_fname , emp_lname , dept_id , street , city , state , zip_code , phone , status , ss_number , salary , start_date , termination_date , birth_date , bene_health_ins , bene_life_ins , bene_day_care , sex ) values ( 591 , 1576 , 'Irene' , 'Barletta' , 400 , '37 Gleason Street' , 'Bedford' , 'MA' , '01730    ' , '6175558345' , 'A' , '056872399' , 45450 , '1988-07-18' , NULL , '1957-01-30' , 'Y' , 'Y' , 'Y' , 'F' ) ;
Insert into employee (emp_id , manager_id , emp_fname , emp_lname , dept_id , street , city , state , zip_code , phone , status , ss_number , salary , start_date , termination_date , birth_date , bene_health_ins , bene_life_ins , bene_day_care , sex ) values ( 604 , 501 , 'Albert' , 'Wang' , 100 , '48 Edwin Street' , 'Waltham' , 'MA' , '02154    ' , '6175558741' , 'A' , '023486621' , 68400 , '1988-09-29' , NULL , '1958-12-25' , 'Y' , 'Y' , 'N' , 'M' ) ;
Insert into employee (emp_id , manager_id , emp_fname , emp_lname , dept_id , street , city , state , zip_code , phone , status , ss_number , salary , start_date , termination_date , birth_date , bene_health_ins , bene_life_ins , bene_day_care , sex ) values ( 641 , 902 , 'Thomas' , 'Powell' , 200 , '48 Kennedy Court' , 'Newton' , 'MA' , '02162    ' , '6175551956' , 'A' , '038726633' , 54600 , '1988-10-14' , NULL , '1951-10-31' , 'Y' , 'Y' , 'N' , 'M' ) ;
Insert into employee (emp_id , manager_id , emp_fname , emp_lname , dept_id , street , city , state , zip_code , phone , status , ss_number , salary , start_date , termination_date , birth_date , bene_health_ins , bene_life_ins , bene_day_care , sex ) values ( 667 , 902 , 'Mary' , 'Garcia' , 200 , '98 Purvis Street' , 'Houston' , 'TX' , '77079    ' , '7135553431' , 'A' , '042706188' , 39800 , '1988-11-22' , NULL , '1963-01-23' , 'N' , 'Y' , 'Y' , 'F' ) ;
Insert into employee (emp_id , manager_id , emp_fname , emp_lname , dept_id , street , city , state , zip_code , phone , status , ss_number , salary , start_date , termination_date , birth_date , bene_health_ins , bene_life_ins , bene_day_care , sex ) values ( 690 , 902 , 'Kathleen' , 'Poitras' , 200 , '50 The Fenway' , 'Boston' , 'MA' , '02118    ' , '6175553920' , 'A' , '087236702' , 46200 , '1988-11-28' , NULL , '1965-09-29' , 'N' , 'Y' , 'N' , 'F' ) ;
Insert into employee (emp_id , manager_id , emp_fname , emp_lname , dept_id , street , city , state , zip_code , phone , status , ss_number , salary , start_date , termination_date , birth_date , bene_health_ins , bene_life_ins , bene_day_care , sex ) values ( 703 , 902 , 'Jose' , 'Martinez' , 500 , '495 Washington Street' , 'Westwood' , 'MA' , '02090    ' , '6175557114' , 'A' , '012896755' , 55500.8 , '1988-12-01' , NULL , '1953-07-22' , 'Y' , 'Y' , 'N' , 'M' ) ;
Insert into employee (emp_id , manager_id , emp_fname , emp_lname , dept_id , street , city , state , zip_code , phone , status , ss_number , salary , start_date , termination_date , birth_date , bene_health_ins , bene_life_ins , bene_day_care , sex ) values ( 750 , 703 , 'Jane' , 'Braun' , 500 , '45 Wood Street' , 'Cambridge' , 'MA' , '02140    ' , '6175557857' , 'A' , '012459381' , 34300 , '1989-01-03' , NULL , '1939-08-09' , 'Y' , 'Y' , 'N' , 'F' ) ;
Insert into employee (emp_id , manager_id , emp_fname , emp_lname , dept_id , street , city , state , zip_code , phone , status , ss_number , salary , start_date , termination_date , birth_date , bene_health_ins , bene_life_ins , bene_day_care , sex ) values ( 757 , 1293 , 'Denis' , 'Higgins' , 300 , '1033 Massachusetts Avenue' , 'Lexington' , 'MA' , '02173    ' , '6175553985' , 'A' , '067829311' , 43700 , '1989-02-23' , NULL , '1968-05-12' , 'Y' , 'Y' , 'N' , 'F' ) ;
Insert into employee (emp_id , manager_id , emp_fname , emp_lname , dept_id , street , city , state , zip_code , phone , status , ss_number , salary , start_date , termination_date , birth_date , bene_health_ins , bene_life_ins , bene_day_care , sex ) values ( 839 , 501 , 'Dean' , 'Marshall' , 100 , '44 Mount Pleasant Street' , 'Belmont' , 'MA' , '02178    ' , '6175553707' , 'A' , '034629123' , 42500 , '1989-04-20' , NULL , '1966-05-21' , 'Y' , 'Y' , 'N' , 'M' ) ;
Insert into employee (emp_id , manager_id , emp_fname , emp_lname , dept_id , street , city , state , zip_code , phone , status , ss_number , salary , start_date , termination_date , birth_date , bene_health_ins , bene_life_ins , bene_day_care , sex ) values ( 856 , 902 , 'Samuel' , 'Singer' , 200 , '187 Orchard Road' , 'Stow' , 'MA' , '01775    ' , '5085553255' , 'A' , '011349786' , 34892 , '1989-06-01' , NULL , '1959-04-07' , 'Y' , 'Y' , 'N' , 'M' ) ;
Insert into employee (emp_id , manager_id , emp_fname , emp_lname , dept_id , street , city , state , zip_code , phone , status , ss_number , salary , start_date , termination_date , birth_date , bene_health_ins , bene_life_ins , bene_day_care , sex ) values ( 862 , 501 , 'John' , 'Sheffield' , 100 , '45 Belleview Drive' , 'Houston' , 'TX' , '77079    ' , '7135553877' , 'A' , '018458291' , 87900 , '1989-06-15' , NULL , '1955-09-25' , 'Y' , 'Y' , 'Y' , 'M' ) ;
Insert into employee (emp_id , manager_id , emp_fname , emp_lname , dept_id , street , city , state , zip_code , phone , status , ss_number , salary , start_date , termination_date , birth_date , bene_health_ins , bene_life_ins , bene_day_care , sex ) values ( 868 , 703 , 'Felicia' , 'Kuo' , 500 , '79 Oak Street' , 'Cambridge' , 'MA' , '02140    ' , '6175552385' , 'A' , '043592831' , 28200 , '1989-07-12' , NULL , '1968-07-24' , 'Y' , 'Y' , 'N' , 'F' ) ;
Insert into employee (emp_id , manager_id , emp_fname , emp_lname , dept_id , street , city , state , zip_code , phone , status , ss_number , salary , start_date , termination_date , birth_date , bene_health_ins , bene_life_ins , bene_day_care , sex ) values ( 879 , 1293 , 'Kristen' , 'Coe' , 300 , '30 Rainbow Road' , 'West Roxbury' , 'MA' , '02132    ' , '6175559192' , 'A' , '027581035' , 36500 , '1989-07-18' , NULL , '1965-11-11' , 'Y' , 'Y' , 'N' , 'F' ) ;
Insert into employee (emp_id , manager_id , emp_fname , emp_lname , dept_id , street , city , state , zip_code , phone , status , ss_number , salary , start_date , termination_date , birth_date , bene_health_ins , bene_life_ins , bene_day_care , sex ) values ( 888 , 1576 , 'Doug' , 'Charlton' , 400 , '57 Webster Street' , 'Concord' , 'MA' , '01742    ' , '5085559246' , 'A' , '036102935' , 28300 , '1989-09-09' , NULL , '1966-01-23' , 'N' , 'Y' , 'N' , 'M' ) ;
Insert into employee (emp_id , manager_id , emp_fname , emp_lname , dept_id , street , city , state , zip_code , phone , status , ss_number , salary , start_date , termination_date , birth_date , bene_health_ins , bene_life_ins , bene_day_care , sex ) values ( 902 , 1293 , 'Moira' , 'Kelly' , 200 , '12 Fountain Road' , 'Gloucester' , 'MA' , '01930' , '5085553769' , 'A' , '015923467' , 87500 , '1989-10-01' , NULL , '1950-08-16' , 'Y' , 'Y' , 'N' , 'F' ) ;
Insert into employee (emp_id , manager_id , emp_fname , emp_lname , dept_id , street , city , state , zip_code , phone , status , ss_number , salary , start_date , termination_date , birth_date , bene_health_ins , bene_life_ins , bene_day_care , sex ) values ( 913 , 902 , 'Ken' , 'Martel' , 200 , '23 Lincoln Street' , 'Needham' , 'MA' , '02192    ' , '6175558474' , 'A' , '022783569' , 55700 , '1989-10-16' , NULL , '1943-04-23' , 'N' , 'Y' , 'N' , 'M' ) ;
Insert into employee (emp_id , manager_id , emp_fname , emp_lname , dept_id , street , city , state , zip_code , phone , status , ss_number , salary , start_date , termination_date , birth_date , bene_health_ins , bene_life_ins , bene_day_care , sex ) values ( 921 , 703 , 'Charles' , 'Crowley' , 500 , '421 Beacon Street' , 'Belmont' , 'MA' , '02178    ' , '6175559425' , 'A' , '034568789' , 41700 , '1989-10-22' , NULL , '1960-09-11' , 'Y' , 'Y' , 'N' , 'M' ) ;
Insert into employee (emp_id , manager_id , emp_fname , emp_lname , dept_id , street , city , state , zip_code , phone , status , ss_number , salary , start_date , termination_date , birth_date , bene_health_ins , bene_life_ins , bene_day_care , sex ) values ( 930 , 902 , 'Ann' , 'Taylor' , 200 , '25 Westminster Street' , 'Atlanta' , 'GA' , '30339    ' , '4045551515' , 'A' , '062890293' , 46890 , '1989-11-07' , NULL , '1962-06-06' , 'Y' , 'Y' , 'Y' , 'F' ) ;
Insert into employee (emp_id , manager_id , emp_fname , emp_lname , dept_id , street , city , state , zip_code , phone , status , ss_number , salary , start_date , termination_date , birth_date , bene_health_ins , bene_life_ins , bene_day_care , sex ) values ( 949 , 902 , 'Pamela' , 'Savarino' , 200 , '112 Beach Street' , 'Long Beach' , 'CA' , '90806    ' , '3105551857' , 'A' , '018762936' , 72300 , '1989-11-07' , NULL , '1955-07-28' , 'Y' , 'Y' , 'N' , 'F' ) ;
Insert into employee (emp_id , manager_id , emp_fname , emp_lname , dept_id , street , city , state , zip_code , phone , status , ss_number , salary , start_date , termination_date , birth_date , bene_health_ins , bene_life_ins , bene_day_care , sex ) values ( 958 , 501 , 'Thomas' , 'Sisson' , 100 , '54 School Street' , 'Houston' , 'TX' , '77079    ' , '7135558390' , 'A' , '017283997' , 42100 , '1990-01-15' , NULL , '1969-10-02' , 'Y' , 'Y' , 'N' , 'M' ) ;
Insert into employee (emp_id , manager_id , emp_fname , emp_lname , dept_id , street , city , state , zip_code , phone , status , ss_number , salary , start_date , termination_date , birth_date , bene_health_ins , bene_life_ins , bene_day_care , sex ) values ( 992 , 1576 , 'Joyce' , 'Butterfield' , 400 , '119 Adams Street' , 'Cambridge' , 'MA' , '02140    ' , '6175552232' , 'A' , '023487085' , 34011 , '1990-02-12' , NULL , '1960-04-15' , 'Y' , 'Y' , 'N' , 'F' ) ;
Insert into employee (emp_id , manager_id , emp_fname , emp_lname , dept_id , street , city , state , zip_code , phone , status , ss_number , salary , start_date , termination_date , birth_date , bene_health_ins , bene_life_ins , bene_day_care , sex ) values ( 1013 , 703 , 'Joseph' , 'Barker' , 500 , '58 West Drive' , 'Bedford' , 'MA' , '01730    ' , '6175558021' , 'A' , '023470756' , 27290 , '1990-03-12' , NULL , '1969-02-14' , 'N' , 'Y' , 'N' , 'M' ) ;
Insert into employee (emp_id , manager_id , emp_fname , emp_lname , dept_id , street , city , state , zip_code , phone , status , ss_number , salary , start_date , termination_date , birth_date , bene_health_ins , bene_life_ins , bene_day_care , sex ) values ( 1021 , 902 , 'Paul' , 'Sterling' , 200 , '112 Endicott Street' , 'Concord' , 'MA' , '01742    ' , '5085550295' , 'A' , '037846595' , 64900 , '1990-04-29' , NULL , '1950-02-27' , 'Y' , 'Y' , 'Y' , 'M' ) ;
Insert into employee (emp_id , manager_id , emp_fname , emp_lname , dept_id , street , city , state , zip_code , phone , status , ss_number , salary , start_date , termination_date , birth_date , bene_health_ins , bene_life_ins , bene_day_care , sex ) values ( 1039 , 902 , 'Shih Lin' , 'Chao' , 200 , '59 Holyoke Street' , 'Lexington' , 'MA' , '02173    ' , '6175555921' , 'A' , '046973741' , 33890 , '1990-05-13' , NULL , '1969-12-12' , 'N' , 'Y' , 'Y' , 'M' ) ;
Insert into employee (emp_id , manager_id , emp_fname , emp_lname , dept_id , street , city , state , zip_code , phone , status , ss_number , salary , start_date , termination_date , birth_date , bene_health_ins , bene_life_ins , bene_day_care , sex ) values ( 1062 , 1576 , 'Barbara' , 'Blaikie' , 400 , '66 Beaumont Terrace' , 'Needham' , 'MA' , '02192    ' , '6175559345' , 'A' , '019887257' , 54900 , '1990-05-22' , NULL , '1953-11-14' , 'Y' , 'Y' , 'Y' , 'F' ) ;
Insert into employee (emp_id , manager_id , emp_fname , emp_lname , dept_id , street , city , state , zip_code , phone , status , ss_number , salary , start_date , termination_date , birth_date , bene_health_ins , bene_life_ins , bene_day_care , sex ) values ( 1090 , 501 , 'Susan' , 'Smith' , 100 , '177 Johnson Street' , 'Houston' , 'TX' , '77079    ' , '7135556613' , 'A' , '013558813' , 51411 , '1990-06-14' , NULL , '1950-11-30' , 'N' , 'Y' , 'Y' , 'F' ) ;
Insert into employee (emp_id , manager_id , emp_fname , emp_lname , dept_id , street , city , state , zip_code , phone , status , ss_number , salary , start_date , termination_date , birth_date , bene_health_ins , bene_life_ins , bene_day_care , sex ) values ( 1101 , 902 , 'Mark' , 'Preston' , 200 , '49 Constitution Road' , 'Boston' , 'MA' , '02124    ' , '6175555862' , 'A' , '027663454' , 37803 , '1990-07-11' , NULL , '1966-09-14' , 'Y' , 'Y' , 'N' , 'M' ) ;
Insert into employee (emp_id , manager_id , emp_fname , emp_lname , dept_id , street , city , state , zip_code , phone , status , ss_number , salary , start_date , termination_date , birth_date , bene_health_ins , bene_life_ins , bene_day_care , sex ) values ( 1142 , 902 , 'Alison' , 'Clark' , 200 , '56 Carver Street' , 'Emeryville' , 'CA' , '94608    ' , '5105559437' , 'A' , '055913622' , 45000 , '1990-07-21' , NULL , '1957-05-04' , 'N' , 'Y' , 'Y' , 'F' ) ;
Insert into employee (emp_id , manager_id , emp_fname , emp_lname , dept_id , street , city , state , zip_code , phone , status , ss_number , salary , start_date , termination_date , birth_date , bene_health_ins , bene_life_ins , bene_day_care , sex ) values ( 1157 , 501 , 'Hing' , 'Soo' , 100 , '19 Glenmeadow Street' , 'Needham' , 'MA' , '02192    ' , '6175558748' , 'A' , '023434587' , 39075 , '1990-07-31' , NULL , '1970-03-07' , 'Y' , 'Y' , 'N' , 'M' ) ;
Insert into employee (emp_id , manager_id , emp_fname , emp_lname , dept_id , street , city , state , zip_code , phone , status , ss_number , salary , start_date , termination_date , birth_date , bene_health_ins , bene_life_ins , bene_day_care , sex ) values ( 1162 , 902 , 'Kevin' , 'Goggin' , 200 , '12 Wachusett Road' , 'Wellesley' , 'MA' , '02181    ' , '6175553785' , 'A' , '075679377' , 37900 , '1990-08-05' , NULL , '1952-04-18' , 'Y' , 'Y' , 'N' , 'M' ) ;
Insert into employee (emp_id , manager_id , emp_fname , emp_lname , dept_id , street , city , state , zip_code , phone , status , ss_number , salary , start_date , termination_date , birth_date , bene_health_ins , bene_life_ins , bene_day_care , sex ) values ( 1191 , 1576 , 'Matthew' , 'Bucceri' , 400 , '57 Taylor Place' , 'Lexington' , 'MA' , '02173    ' , '6175555336' , 'A' , '023749270' , 45900 , '1990-08-14' , NULL , '1944-11-19' , 'Y' , 'Y' , 'N' , 'M' ) ;
Insert into employee (emp_id , manager_id , emp_fname , emp_lname , dept_id , street , city , state , zip_code , phone , status , ss_number , salary , start_date , termination_date , birth_date , bene_health_ins , bene_life_ins , bene_day_care , sex ) values ( 1250 , 501 , 'Emilio' , 'Diaz' , 100 , '112 Evergreen Street' , 'Wellesley' , 'MA' , '02181    ' , '6175553567' , 'A' , '023476492' , 54900 , '1990-08-19' , NULL , '1936-01-02' , 'Y' , 'Y' , 'N' , 'M' ) ;
Insert into employee (emp_id , manager_id , emp_fname , emp_lname , dept_id , street , city , state , zip_code , phone , status , ss_number , salary , start_date , termination_date , birth_date , bene_health_ins , bene_life_ins , bene_day_care , sex ) values ( 1293 , 1293 , 'Mary Anne' , 'Shea' , 300 , '197 Camden Road' , 'Lexington' , 'MA' , '02173' , '6175554616' , 'A' , '019641485' , 138948 , '1990-09-01' , NULL , '1955-03-13' , 'Y' , 'Y' , 'N' , 'F' ) ;
Insert into employee (emp_id , manager_id , emp_fname , emp_lname , dept_id , street , city , state , zip_code , phone , status , ss_number , salary , start_date , termination_date , birth_date , bene_health_ins , bene_life_ins , bene_day_care , sex ) values ( 1336 , 1293 , 'Janet' , 'Bigelow' , 300 , '84 Lunda Street' , 'Waltham' , 'MA' , '02154' , '6175551493' , 'A' , '017326112' , 31200 , '1992-02-25' , NULL , '1950-07-21' , 'Y' , 'Y' , 'Y' , 'F' ) ;
Insert into employee (emp_id , manager_id , emp_fname , emp_lname , dept_id , street , city , state , zip_code , phone , status , ss_number , salary , start_date , termination_date , birth_date , bene_health_ins , bene_life_ins , bene_day_care , sex ) values ( 1390 , 1293 , 'Jennifer' , 'Litton' , 300 , '17 Downing Street' , 'Concord' , 'MA' , '01742    ' , '5085553495' , 'A' , '034786565' , 58930 , '1992-04-06' , NULL , '1948-04-05' , 'N' , 'Y' , 'N' , 'F' ) ;
Insert into employee (emp_id , manager_id , emp_fname , emp_lname , dept_id , street , city , state , zip_code , phone , status , ss_number , salary , start_date , termination_date , birth_date , bene_health_ins , bene_life_ins , bene_day_care , sex ) values ( 1446 , 902 , 'Caroline' , 'Yeung' , 200 , '52 Cypress Street' , 'Atlanta' , 'GA' , '30339    ' , '4045558347' , 'A' , '038475825' , 32300 , '1992-10-29' , NULL , '1971-06-21' , 'N' , 'Y' , 'N' , 'F' ) ;
Insert into employee (emp_id , manager_id , emp_fname , emp_lname , dept_id , street , city , state , zip_code , phone , status , ss_number , salary , start_date , termination_date , birth_date , bene_health_ins , bene_life_ins , bene_day_care , sex ) values ( 1483 , 1293 , 'John' , 'Letiecq' , 300 , '149 Vista Drive' , 'Burlington' , 'MA' , '01803    ' , '6175551167' , 'L' , '079372285' , 75400 , '1993-03-01' , NULL , '1939-04-27' , 'Y' , 'Y' , 'N' , 'M' ) ;
Insert into employee (emp_id , manager_id , emp_fname , emp_lname , dept_id , street , city , state , zip_code , phone , status , ss_number , salary , start_date , termination_date , birth_date , bene_health_ins , bene_life_ins , bene_day_care , sex ) values ( 1507 , 1576 , 'Ruth' , 'Wetherby' , 400 , '82 Aberdeen Road' , 'Needham' , 'MA' , '02192    ' , '6175555465' , 'A' , '035673688' , 35745 , '1993-04-12' , NULL , '1959-07-19' , 'Y' , 'Y' , 'N' , 'F' ) ;
Insert into employee (emp_id , manager_id , emp_fname , emp_lname , dept_id , street , city , state , zip_code , phone , status , ss_number , salary , start_date , termination_date , birth_date , bene_health_ins , bene_life_ins , bene_day_care , sex ) values ( 1570 , 703 , 'Anthony' , 'Rebeiro' , 500 , '39 Moody Street' , 'Waltham' , 'MA' , '02154    ' , '6175555737' , 'A' , '034576347' , 34576 , '1993-05-29' , NULL , '1963-04-12' , 'Y' , 'Y' , 'N' , 'M' ) ;
Insert into employee (emp_id , manager_id , emp_fname , emp_lname , dept_id , street , city , state , zip_code , phone , status , ss_number , salary , start_date , termination_date , birth_date , bene_health_ins , bene_life_ins , bene_day_care , sex ) values ( 1576 , 902 , 'Scott' , 'Evans' , 400 , '10-A Sunrise Circle' , 'Concord' , 'MA' , '01742    ' , '5085550096' , 'A' , '017429926' , 68940 , '1993-07-01' , NULL , '1960-11-15' , 'Y' , 'Y' , 'N' , 'M' ) ;
Insert into employee (emp_id , manager_id , emp_fname , emp_lname , dept_id , street , city , state , zip_code , phone , status , ss_number , salary , start_date , termination_date , birth_date , bene_health_ins , bene_life_ins , bene_day_care , sex ) values ( 1596 , 902 , 'Catherine' , 'Pickett' , 200 , '45 Appleton Road' , 'Bedford' , 'MA' , '01730    ' , '6175553478' , 'A' , '028375086' , 47653 , '1993-08-12' , NULL , '1959-11-18' , 'Y' , 'Y' , 'Y' , 'F' ) ;
Insert into employee (emp_id , manager_id , emp_fname , emp_lname , dept_id , street , city , state , zip_code , phone , status , ss_number , salary , start_date , termination_date , birth_date , bene_health_ins , bene_life_ins , bene_day_care , sex ) values ( 1607 , 1576 , 'Mark ' , 'Morris' , 400 , '1 Example Way ' , 'Waltham' , 'MA' , '02154    ' , '6175558344' , 'A' , '501787474' , 61300 , '1993-10-13' , NULL , '1941-01-08' , 'Y' , 'Y' , 'N' , 'M' ) ;
Insert into employee (emp_id , manager_id , emp_fname , emp_lname , dept_id , street , city , state , zip_code , phone , status , ss_number , salary , start_date , termination_date , birth_date , bene_health_ins , bene_life_ins , bene_day_care , sex ) values ( 1615 , 703 , 'Sheila' , 'Romero' , 500 , '1 Oakview Terrace' , 'Bedford' , 'MA' , '01730    ' , '6175558138' , 'A' , '501175874' , 27500 , '1993-11-19' , NULL , '1972-09-12' , 'Y' , 'Y' , 'Y' , 'F' ) ;
Insert into employee (emp_id , manager_id , emp_fname , emp_lname , dept_id , street , city , state , zip_code , phone , status , ss_number , salary , start_date , termination_date , birth_date , bene_health_ins , bene_life_ins , bene_day_care , sex ) values ( 1643 , 1576 , 'Elizabeth' , 'Lambert' , 400 , '29 Union Street' , 'Burlington' , 'MA' , '01803    ' , '6175552357' , 'A' , '023857807' , 29384 , '1993-12-15' , NULL , '1968-09-12' , 'Y' , 'Y' , 'N' , 'F' ) ;
Insert into employee (emp_id , manager_id , emp_fname , emp_lname , dept_id , street , city , state , zip_code , phone , status , ss_number , salary , start_date , termination_date , birth_date , bene_health_ins , bene_life_ins , bene_day_care , sex ) values ( 1658 , 703 , 'Michael' , 'Lynch' , 500 , '76 Brookside Road' , 'Waltham' , 'MA' , '02154    ' , '6175558348' , 'A' , '023850840' , 24903 , '1994-02-27' , NULL , '1973-01-18' , 'Y' , 'Y' , 'N' , 'M' ) ;
Insert into employee (emp_id , manager_id , emp_fname , emp_lname , dept_id , street , city , state , zip_code , phone , status , ss_number , salary , start_date , termination_date , birth_date , bene_health_ins , bene_life_ins , bene_day_care , sex ) values ( 1684 , 1576 , 'Janet' , 'Hildebrand' , 400 , '47 Hilltop Street' , 'Waltham ' , 'MA' , '02154    ' , '6175553845' , 'A' , '038957036' , 45829 , '1994-03-15' , NULL , '1955-10-31' , 'Y' , 'Y' , 'N' , 'F' ) ;
Insert into employee (emp_id , manager_id , emp_fname , emp_lname , dept_id , street , city , state , zip_code , phone , status , ss_number , salary , start_date , termination_date , birth_date , bene_health_ins , bene_life_ins , bene_day_care , sex ) values ( 1740 , 1576 , 'Robert' , 'Nielsen' , 400 , '55 Sargent Avenue' , 'Bedford' , 'MA' , '01730    ' , '6175558757' , 'A' , '037534650' , 34889 , '1994-06-24' , NULL , '1965-06-19' , 'Y' , 'Y' , 'N' , 'M' ) ;
Insert into employee (emp_id , manager_id , emp_fname , emp_lname , dept_id , street , city , state , zip_code , phone , status , ss_number , salary , start_date , termination_date , birth_date , bene_health_ins , bene_life_ins , bene_day_care , sex ) values ( 1751 , 1576 , 'Alex' , 'Ahmed' , 400 , '114 Cushing Street' , 'Needham' , 'MA' , '02192    ' , '6175558748' , 'A' , '032547384' , 34992 , '1994-07-12' , NULL , '1963-12-12' , 'Y' , 'Y' , 'N' , 'M' ) ;

-- end table    employee 

CREATE TABLE fin_code (
    code VARCHAR(2) NOT NULL ,
    type VARCHAR(10) NOT NULL ,
    description VARCHAR(50) NULL ,
    PRIMARY KEY (code) 
) ;

Insert into fin_code (code , type , description ) values ( 'e1' , 'expense' , 'Fees' ) ;
Insert into fin_code (code , type , description ) values ( 'e2' , 'expense' , 'Services' ) ;
Insert into fin_code (code , type , description ) values ( 'e3' , 'expense' , 'Sales & Marketing' ) ;
Insert into fin_code (code , type , description ) values ( 'e4' , 'expense' , 'R & D' ) ;
Insert into fin_code (code , type , description ) values ( 'e5' , 'expense' , 'Administration' ) ;
Insert into fin_code (code , type , description ) values ( 'r1' , 'revenue' , 'Fees' ) ;
Insert into fin_code (code , type , description ) values ( 'r2' , 'revenue' , 'Services' ) ;

-- end table    fin_code

CREATE TABLE fin_data (
    year VARCHAR(4) NOT NULL ,
    quarter VARCHAR(2) NOT NULL ,
    code VARCHAR(2) NOT NULL ,
    amount NUMERIC(9, 0) NULL ,
    PRIMARY KEY (year, quarter, code) 

) ;

Insert into fin_data (year , quarter , code , amount ) values ( '1992' , 'Q1' , 'e1' , 101 ) ;
Insert into fin_data (year , quarter , code , amount ) values ( '1992' , 'Q1' , 'e2' , 403 ) ;
Insert into fin_data (year , quarter , code , amount ) values ( '1992' , 'Q1' , 'e3' , 1437 ) ;
Insert into fin_data (year , quarter , code , amount ) values ( '1992' , 'Q1' , 'e4' , 623 ) ;
Insert into fin_data (year , quarter , code , amount ) values ( '1992' , 'Q1' , 'e5' , 381 ) ;
Insert into fin_data (year , quarter , code , amount ) values ( '1992' , 'Q1' , 'r1' , 1023 ) ;
Insert into fin_data (year , quarter , code , amount ) values ( '1992' , 'Q1' , 'r2' , 234 ) ;
Insert into fin_data (year , quarter , code , amount ) values ( '1992' , 'Q2' , 'e1' , 93 ) ;
Insert into fin_data (year , quarter , code , amount ) values ( '1992' , 'Q2' , 'e2' , 459 ) ;
Insert into fin_data (year , quarter , code , amount ) values ( '1992' , 'Q2' , 'e3' , 2033 ) ;
Insert into fin_data (year , quarter , code , amount ) values ( '1992' , 'Q2' , 'e4' , 784 ) ;
Insert into fin_data (year , quarter , code , amount ) values ( '1992' , 'Q2' , 'e5' , 402 ) ;
Insert into fin_data (year , quarter , code , amount ) values ( '1992' , 'Q2' , 'r1' , 2033 ) ;
Insert into fin_data (year , quarter , code , amount ) values ( '1992' , 'Q2' , 'r2' , 459 ) ;
Insert into fin_data (year , quarter , code , amount ) values ( '1992' , 'Q3' , 'e1' , 129 ) ;
Insert into fin_data (year , quarter , code , amount ) values ( '1992' , 'Q3' , 'e2' , 609 ) ;
Insert into fin_data (year , quarter , code , amount ) values ( '1992' , 'Q3' , 'e3' , 2184 ) ;
Insert into fin_data (year , quarter , code , amount ) values ( '1992' , 'Q3' , 'e4' , 856 ) ;
Insert into fin_data (year , quarter , code , amount ) values ( '1992' , 'Q3' , 'e5' , 412 ) ;
Insert into fin_data (year , quarter , code , amount ) values ( '1992' , 'Q3' , 'r1' , 2998 ) ;
Insert into fin_data (year , quarter , code , amount ) values ( '1992' , 'Q3' , 'r2' , 601 ) ;
Insert into fin_data (year , quarter , code , amount ) values ( '1992' , 'Q4' , 'e1' , 145 ) ;
Insert into fin_data (year , quarter , code , amount ) values ( '1992' , 'Q4' , 'e2' , 632 ) ;
Insert into fin_data (year , quarter , code , amount ) values ( '1992' , 'Q4' , 'e3' , 2145 ) ;
Insert into fin_data (year , quarter , code , amount ) values ( '1992' , 'Q4' , 'e4' , 1043 ) ;
Insert into fin_data (year , quarter , code , amount ) values ( '1992' , 'Q4' , 'e5' , 467 ) ;
Insert into fin_data (year , quarter , code , amount ) values ( '1992' , 'Q4' , 'r1' , 3014 ) ;
Insert into fin_data (year , quarter , code , amount ) values ( '1992' , 'Q4' , 'r2' , 944 ) ;
Insert into fin_data (year , quarter , code , amount ) values ( '1993' , 'Q1' , 'e1' , 153 ) ;
Insert into fin_data (year , quarter , code , amount ) values ( '1993' , 'Q1' , 'e2' , 643 ) ;
Insert into fin_data (year , quarter , code , amount ) values ( '1993' , 'Q1' , 'e3' , 2478 ) ;
Insert into fin_data (year , quarter , code , amount ) values ( '1993' , 'Q1' , 'e4' , 1051 ) ;
Insert into fin_data (year , quarter , code , amount ) values ( '1993' , 'Q1' , 'e5' , 523 ) ;
Insert into fin_data (year , quarter , code , amount ) values ( '1993' , 'Q1' , 'r1' , 3114 ) ;
Insert into fin_data (year , quarter , code , amount ) values ( '1993' , 'Q1' , 'r2' , 992 ) ;
Insert into fin_data (year , quarter , code , amount ) values ( '1993' , 'Q2' , 'e1' , 149 ) ;
Insert into fin_data (year , quarter , code , amount ) values ( '1993' , 'Q2' , 'e2' , 687 ) ;
Insert into fin_data (year , quarter , code , amount ) values ( '1993' , 'Q2' , 'e3' , 2998 ) ;
Insert into fin_data (year , quarter , code , amount ) values ( '1993' , 'Q2' , 'e4' , 1158 ) ;
Insert into fin_data (year , quarter , code , amount ) values ( '1993' , 'Q2' , 'e5' , 749 ) ;
Insert into fin_data (year , quarter , code , amount ) values ( '1993' , 'Q2' , 'r1' , 3998 ) ;
Insert into fin_data (year , quarter , code , amount ) values ( '1993' , 'Q2' , 'r2' , 1195 ) ;
Insert into fin_data (year , quarter , code , amount ) values ( '1993' , 'Q3' , 'e1' , 157 ) ;
Insert into fin_data (year , quarter , code , amount ) values ( '1993' , 'Q3' , 'e2' , 898 ) ;
Insert into fin_data (year , quarter , code , amount ) values ( '1993' , 'Q3' , 'e3' , 3702 ) ;
Insert into fin_data (year , quarter , code , amount ) values ( '1993' , 'Q3' , 'e4' , 1459 ) ;
Insert into fin_data (year , quarter , code , amount ) values ( '1993' , 'Q3' , 'e5' , 723 ) ;
Insert into fin_data (year , quarter , code , amount ) values ( '1993' , 'Q3' , 'r1' , 6523 ) ;
Insert into fin_data (year , quarter , code , amount ) values ( '1993' , 'Q3' , 'r2' , 1704 ) ;
Insert into fin_data (year , quarter , code , amount ) values ( '1993' , 'Q4' , 'e1' , 163 ) ;
Insert into fin_data (year , quarter , code , amount ) values ( '1993' , 'Q4' , 'e2' , 923 ) ;
Insert into fin_data (year , quarter , code , amount ) values ( '1993' , 'Q4' , 'e3' , 3600 ) ;
Insert into fin_data (year , quarter , code , amount ) values ( '1993' , 'Q4' , 'e4' , 1439 ) ;
Insert into fin_data (year , quarter , code , amount ) values ( '1993' , 'Q4' , 'e5' , 748 ) ;
Insert into fin_data (year , quarter , code , amount ) values ( '1993' , 'Q4' , 'r1' , 7267 ) ;
Insert into fin_data (year , quarter , code , amount ) values ( '1993' , 'Q4' , 'r2' , 1823 ) ;
Insert into fin_data (year , quarter , code , amount ) values ( '1994' , 'Q1' , 'e1' , 198 ) ;
Insert into fin_data (year , quarter , code , amount ) values ( '1994' , 'Q1' , 'e2' , 921 ) ;
Insert into fin_data (year , quarter , code , amount ) values ( '1994' , 'Q1' , 'e3' , 4139 ) ;
Insert into fin_data (year , quarter , code , amount ) values ( '1994' , 'Q1' , 'e4' , 1462 ) ;
Insert into fin_data (year , quarter , code , amount ) values ( '1994' , 'Q1' , 'e5' , 798 ) ;
Insert into fin_data (year , quarter , code , amount ) values ( '1994' , 'Q1' , 'r1' , 9144 ) ;
Insert into fin_data (year , quarter , code , amount ) values ( '1994' , 'Q1' , 'r2' , 1839 ) ;
Insert into fin_data (year , quarter , code , amount ) values ( '1994' , 'Q2' , 'e1' , 204 ) ;
Insert into fin_data (year , quarter , code , amount ) values ( '1994' , 'Q2' , 'e2' , 975 ) ;
Insert into fin_data (year , quarter , code , amount ) values ( '1994' , 'Q2' , 'e3' , 4500 ) ;
Insert into fin_data (year , quarter , code , amount ) values ( '1994' , 'Q2' , 'e4' , 1472 ) ;
Insert into fin_data (year , quarter , code , amount ) values ( '1994' , 'Q2' , 'e5' , 983 ) ;
Insert into fin_data (year , quarter , code , amount ) values ( '1994' , 'Q2' , 'r1' , 10988 ) ;
Insert into fin_data (year , quarter , code , amount ) values ( '1994' , 'Q2' , 'r2' , 2011 ) ;
Insert into fin_data (year , quarter , code , amount ) values ( '1994' , 'Q3' , 'e1' , 214 ) ;
Insert into fin_data (year , quarter , code , amount ) values ( '1994' , 'Q3' , 'e2' , 984 ) ;
Insert into fin_data (year , quarter , code , amount ) values ( '1994' , 'Q3' , 'e3' , 4532 ) ;
Insert into fin_data (year , quarter , code , amount ) values ( '1994' , 'Q3' , 'e4' , 1439 ) ;
Insert into fin_data (year , quarter , code , amount ) values ( '1994' , 'Q3' , 'e5' , 956 ) ;
Insert into fin_data (year , quarter , code , amount ) values ( '1994' , 'Q3' , 'r1' , 13567 ) ;
Insert into fin_data (year , quarter , code , amount ) values ( '1994' , 'Q3' , 'r2' , 2897 ) ;
Insert into fin_data (year , quarter , code , amount ) values ( '1994' , 'Q4' , 'e1' , 231 ) ;
Insert into fin_data (year , quarter , code , amount ) values ( '1994' , 'Q4' , 'e2' , 982 ) ;
Insert into fin_data (year , quarter , code , amount ) values ( '1994' , 'Q4' , 'e3' , 5298 ) ;
Insert into fin_data (year , quarter , code , amount ) values ( '1994' , 'Q4' , 'e4' , 1498 ) ;
Insert into fin_data (year , quarter , code , amount ) values ( '1994' , 'Q4' , 'e5' , 963 ) ;
Insert into fin_data (year , quarter , code , amount ) values ( '1994' , 'Q4' , 'r1' , 15199 ) ;
Insert into fin_data (year , quarter , code , amount ) values ( '1994' , 'Q4' , 'r2' , 4129 ) ;

-- end table    fin_data

CREATE TABLE product (
    id INTEGER NOT NULL ,
    name VARCHAR(15) NOT NULL ,
    description VARCHAR(30) NOT NULL ,
    size VARCHAR(18) NOT NULL ,
    color VARCHAR(6) NOT NULL ,
    quantity INTEGER NOT NULL ,
    unit_price NUMERIC(15, 2) NOT NULL ,
    PRIMARY KEY (id)
) ;

Insert into product (id , name , description , size , color , quantity , unit_price ) values ( 300 , 'Tee Shirt' , 'Tank Top' , 'Small' , 'White' , 28 , 9 ) ;
Insert into product (id , name , description , size , color , quantity , unit_price ) values ( 301 , 'Tee Shirt' , 'V-neck' , 'Medium' , 'Orange' , 54 , 14 ) ;
Insert into product (id , name , description , size , color , quantity , unit_price ) values ( 302 , 'Tee Shirt' , 'Crew Neck' , 'One size fits all' , 'Black' , 75 , 14 ) ;
Insert into product (id , name , description , size , color , quantity , unit_price ) values ( 400 , 'Baseball Cap' , 'Cotton Cap' , 'One size fits all' , 'Black' , 112 , 9 ) ;
Insert into product (id , name , description , size , color , quantity , unit_price ) values ( 401 , 'Baseball Cap' , 'Wool cap' , 'One size fits all' , 'White' , 12 , 10 ) ;
Insert into product (id , name , description , size , color , quantity , unit_price ) values ( 500 , 'Visor' , 'Cloth Visor' , 'One size fits all' , 'White' , 36 , 7 ) ;
Insert into product (id , name , description , size , color , quantity , unit_price ) values ( 501 , 'Visor' , 'Plastic Visor' , 'One size fits all' , 'Black' , 28 , 7 ) ;
Insert into product (id , name , description , size , color , quantity , unit_price ) values ( 600 , 'Sweatshirt' , 'Hooded Sweatshirt' , 'Large' , 'Green' , 39 , 24 ) ;
Insert into product (id , name , description , size , color , quantity , unit_price ) values ( 601 , 'Sweatshirt' , 'Zipped Sweatshirt' , 'Large' , 'Blue' , 32 , 24 ) ;
Insert into product (id , name , description , size , color , quantity , unit_price ) values ( 700 , 'Shorts' , 'Cotton Shorts' , 'Medium' , 'Black' , 80 , 15 ) ;

-- end table product 

CREATE TABLE sales_order (
    id INTEGER NOT NULL ,
    cust_id INTEGER NOT NULL ,
    order_date DATE NOT NULL ,
    fin_code_id VARCHAR(2) NULL ,
    region VARCHAR(7) NULL ,
    sales_rep INTEGER NOT NULL ,
    PRIMARY KEY (id)
) ;

Insert into sales_order (id , cust_id , order_date , fin_code_id , region , sales_rep ) values ( 2001 , 101 , '1993-03-16' , 'r1' , 'Eastern' , 299 ) ;
Insert into sales_order (id , cust_id , order_date , fin_code_id , region , sales_rep ) values ( 2002 , 102 , '1993-03-20' , 'r1' , 'Eastern' , 467 ) ;
Insert into sales_order (id , cust_id , order_date , fin_code_id , region , sales_rep ) values ( 2003 , 103 , '1993-03-23' , 'r1' , 'Eastern' , 949 ) ;
Insert into sales_order (id , cust_id , order_date , fin_code_id , region , sales_rep ) values ( 2004 , 104 , '1993-03-25' , 'r1' , 'Eastern' , 902 ) ;
Insert into sales_order (id , cust_id , order_date , fin_code_id , region , sales_rep ) values ( 2005 , 101 , '1994-03-26' , 'r1' , 'Eastern' , 856 ) ;
Insert into sales_order (id , cust_id , order_date , fin_code_id , region , sales_rep ) values ( 2006 , 105 , '1994-03-30' , 'r1' , 'Central' , 299 ) ;
Insert into sales_order (id , cust_id , order_date , fin_code_id , region , sales_rep ) values ( 2007 , 106 , '1994-03-30' , 'r1' , 'Eastern' , 667 ) ;
Insert into sales_order (id , cust_id , order_date , fin_code_id , region , sales_rep ) values ( 2008 , 107 , '1994-04-02' , 'r1' , 'Eastern' , 129 ) ;
Insert into sales_order (id , cust_id , order_date , fin_code_id , region , sales_rep ) values ( 2009 , 108 , '1994-04-05' , 'r1' , 'Eastern' , 1142 ) ;
Insert into sales_order (id , cust_id , order_date , fin_code_id , region , sales_rep ) values ( 2010 , 109 , '1994-04-06' , 'r1' , 'Eastern' , 195 ) ;
Insert into sales_order (id , cust_id , order_date , fin_code_id , region , sales_rep ) values ( 2011 , 110 , '1994-04-07' , 'r1' , 'Central' , 690 ) ;
Insert into sales_order (id , cust_id , order_date , fin_code_id , region , sales_rep ) values ( 2012 , 111 , '1994-04-07' , 'r1' , 'Eastern' , 1596 ) ;
Insert into sales_order (id , cust_id , order_date , fin_code_id , region , sales_rep ) values ( 2013 , 112 , '1994-04-07' , 'r1' , 'Central' , 299 ) ;
Insert into sales_order (id , cust_id , order_date , fin_code_id , region , sales_rep ) values ( 2014 , 113 , '1994-04-08' , 'r1' , 'Central' , 467 ) ;
Insert into sales_order (id , cust_id , order_date , fin_code_id , region , sales_rep ) values ( 2015 , 114 , '1994-04-01' , 'r1' , 'Central' , 949 ) ;
Insert into sales_order (id , cust_id , order_date , fin_code_id , region , sales_rep ) values ( 2016 , 115 , '1993-04-02' , 'r1' , 'Central' , 902 ) ;
Insert into sales_order (id , cust_id , order_date , fin_code_id , region , sales_rep ) values ( 2017 , 116 , '1994-04-02' , 'r1' , 'Eastern' , 856 ) ;
Insert into sales_order (id , cust_id , order_date , fin_code_id , region , sales_rep ) values ( 2018 , 117 , '1994-03-09' , 'r1' , 'Central' , 299 ) ;
Insert into sales_order (id , cust_id , order_date , fin_code_id , region , sales_rep ) values ( 2019 , 118 , '1993-02-12' , 'r1' , 'Eastern' , 667 ) ;
Insert into sales_order (id , cust_id , order_date , fin_code_id , region , sales_rep ) values ( 2020 , 119 , '1994-03-04' , 'r1' , 'Western' , 129 ) ;
Insert into sales_order (id , cust_id , order_date , fin_code_id , region , sales_rep ) values ( 2021 , 120 , '1994-04-09' , 'r1' , 'Eastern' , 1142 ) ;
Insert into sales_order (id , cust_id , order_date , fin_code_id , region , sales_rep ) values ( 2022 , 121 , '1994-05-06' , 'r1' , 'Central' , 195 ) ;
Insert into sales_order (id , cust_id , order_date , fin_code_id , region , sales_rep ) values ( 2023 , 122 , '1994-06-04' , 'r1' , 'Eastern' , 690 ) ;
Insert into sales_order (id , cust_id , order_date , fin_code_id , region , sales_rep ) values ( 2024 , 123 , '1994-07-13' , 'r1' , 'Central' , 1596 ) ;
Insert into sales_order (id , cust_id , order_date , fin_code_id , region , sales_rep ) values ( 2025 , 124 , '1994-05-03' , 'r1' , 'Eastern' , 299 ) ;
Insert into sales_order (id , cust_id , order_date , fin_code_id , region , sales_rep ) values ( 2026 , 125 , '1994-02-03' , 'r1' , 'Central' , 467 ) ;
Insert into sales_order (id , cust_id , order_date , fin_code_id , region , sales_rep ) values ( 2027 , 126 , '1994-06-14' , 'r1' , 'Western' , 949 ) ;
Insert into sales_order (id , cust_id , order_date , fin_code_id , region , sales_rep ) values ( 2028 , 127 , '1993-07-01' , 'r1' , 'Eastern' , 902 ) ;
Insert into sales_order (id , cust_id , order_date , fin_code_id , region , sales_rep ) values ( 2029 , 128 , '1993-06-12' , 'r1' , 'Eastern' , 856 ) ;
Insert into sales_order (id , cust_id , order_date , fin_code_id , region , sales_rep ) values ( 2030 , 129 , '1994-04-07' , 'r1' , 'Eastern' , 299 ) ;
Insert into sales_order (id , cust_id , order_date , fin_code_id , region , sales_rep ) values ( 2031 , 130 , '1993-05-29' , 'r1' , 'Western' , 667 ) ;
Insert into sales_order (id , cust_id , order_date , fin_code_id , region , sales_rep ) values ( 2032 , 131 , '1994-07-05' , 'r1' , 'Eastern' , 129 ) ;
Insert into sales_order (id , cust_id , order_date , fin_code_id , region , sales_rep ) values ( 2033 , 132 , '1993-02-13' , 'r1' , 'Central' , 1142 ) ;
Insert into sales_order (id , cust_id , order_date , fin_code_id , region , sales_rep ) values ( 2035 , 134 , '1994-04-30' , 'r1' , 'Central' , 690 ) ;
Insert into sales_order (id , cust_id , order_date , fin_code_id , region , sales_rep ) values ( 2036 , 135 , '1994-01-05' , 'r1' , 'Eastern' , 1596 ) ;
Insert into sales_order (id , cust_id , order_date , fin_code_id , region , sales_rep ) values ( 2037 , 136 , '1993-01-23' , 'r1' , 'Central' , 299 ) ;
Insert into sales_order (id , cust_id , order_date , fin_code_id , region , sales_rep ) values ( 2038 , 137 , '1994-02-01' , 'r1' , 'Central' , 467 ) ;
Insert into sales_order (id , cust_id , order_date , fin_code_id , region , sales_rep ) values ( 2039 , 138 , '1993-03-02' , 'r1' , 'Central' , 949 ) ;
Insert into sales_order (id , cust_id , order_date , fin_code_id , region , sales_rep ) values ( 2040 , 139 , '1994-04-27' , 'r1' , 'Eastern' , 902 ) ;
Insert into sales_order (id , cust_id , order_date , fin_code_id , region , sales_rep ) values ( 2041 , 140 , '1994-05-03' , 'r1' , 'Central' , 856 ) ;
Insert into sales_order (id , cust_id , order_date , fin_code_id , region , sales_rep ) values ( 2042 , 141 , '1994-02-26' , 'r1' , 'Central' , 299 ) ;
Insert into sales_order (id , cust_id , order_date , fin_code_id , region , sales_rep ) values ( 2043 , 142 , '1994-03-15' , 'r1' , 'Central' , 667 ) ;
Insert into sales_order (id , cust_id , order_date , fin_code_id , region , sales_rep ) values ( 2044 , 143 , '1993-07-15' , 'r1' , 'Central' , 129 ) ;
Insert into sales_order (id , cust_id , order_date , fin_code_id , region , sales_rep ) values ( 2045 , 144 , '1993-07-02' , 'r1' , 'Eastern' , 1142 ) ;
Insert into sales_order (id , cust_id , order_date , fin_code_id , region , sales_rep ) values ( 2046 , 145 , '1994-02-02' , 'r1' , 'Eastern' , 195 ) ;
Insert into sales_order (id , cust_id , order_date , fin_code_id , region , sales_rep ) values ( 2047 , 146 , '1994-03-10' , 'r1' , 'Western' , 690 ) ;
Insert into sales_order (id , cust_id , order_date , fin_code_id , region , sales_rep ) values ( 2048 , 147 , '1994-03-09' , 'r1' , 'Eastern' , 1596 ) ;
Insert into sales_order (id , cust_id , order_date , fin_code_id , region , sales_rep ) values ( 2049 , 148 , '1994-02-17' , 'r1' , 'Central' , 299 ) ;
Insert into sales_order (id , cust_id , order_date , fin_code_id , region , sales_rep ) values ( 2050 , 149 , '1994-02-26' , 'r1' , 'Central' , 467 ) ;
Insert into sales_order (id , cust_id , order_date , fin_code_id , region , sales_rep ) values ( 2051 , 150 , '1993-05-15' , 'r1' , 'Eastern' , 949 ) ;
Insert into sales_order (id , cust_id , order_date , fin_code_id , region , sales_rep ) values ( 2052 , 151 , '1994-07-02' , 'r1' , 'Central' , 902 ) ;
Insert into sales_order (id , cust_id , order_date , fin_code_id , region , sales_rep ) values ( 2053 , 152 , '1994-06-30' , 'r1' , 'Eastern' , 856 ) ;
Insert into sales_order (id , cust_id , order_date , fin_code_id , region , sales_rep ) values ( 2054 , 153 , '1994-05-31' , 'r1' , 'Central' , 299 ) ;
Insert into sales_order (id , cust_id , order_date , fin_code_id , region , sales_rep ) values ( 2055 , 154 , '1994-03-31' , 'r1' , 'Eastern' , 667 ) ;
Insert into sales_order (id , cust_id , order_date , fin_code_id , region , sales_rep ) values ( 2056 , 155 , '1994-04-15' , 'r1' , 'Central' , 129 ) ;
Insert into sales_order (id , cust_id , order_date , fin_code_id , region , sales_rep ) values ( 2057 , 156 , '1994-03-22' , 'r1' , 'Central' , 1142 ) ;
Insert into sales_order (id , cust_id , order_date , fin_code_id , region , sales_rep ) values ( 2058 , 157 , '1994-04-07' , 'r1' , 'Central' , 195 ) ;
Insert into sales_order (id , cust_id , order_date , fin_code_id , region , sales_rep ) values ( 2059 , 158 , '1994-04-06' , 'r1' , 'Eastern' , 690 ) ;
Insert into sales_order (id , cust_id , order_date , fin_code_id , region , sales_rep ) values ( 2060 , 159 , '1994-05-03' , 'r1' , 'Central' , 1596 ) ;
Insert into sales_order (id , cust_id , order_date , fin_code_id , region , sales_rep ) values ( 2061 , 160 , '1993-07-20' , 'r1' , 'Eastern' , 299 ) ;
Insert into sales_order (id , cust_id , order_date , fin_code_id , region , sales_rep ) values ( 2062 , 161 , '1994-06-15' , 'r1' , 'Eastern' , 467 ) ;
Insert into sales_order (id , cust_id , order_date , fin_code_id , region , sales_rep ) values ( 2063 , 162 , '1994-06-21' , 'r1' , 'Central' , 949 ) ;
Insert into sales_order (id , cust_id , order_date , fin_code_id , region , sales_rep ) values ( 2064 , 163 , '1994-04-30' , 'r1' , 'Eastern' , 902 ) ;
Insert into sales_order (id , cust_id , order_date , fin_code_id , region , sales_rep ) values ( 2065 , 164 , '1993-01-03' , 'r1' , 'Eastern' , 856 ) ;
Insert into sales_order (id , cust_id , order_date , fin_code_id , region , sales_rep ) values ( 2067 , 166 , '1994-04-23' , 'r1' , 'Eastern' , 667 ) ;
Insert into sales_order (id , cust_id , order_date , fin_code_id , region , sales_rep ) values ( 2068 , 167 , '1994-05-03' , 'r1' , 'Central' , 129 ) ;
Insert into sales_order (id , cust_id , order_date , fin_code_id , region , sales_rep ) values ( 2069 , 168 , '1994-02-15' , 'r1' , 'Western' , 1142 ) ;
Insert into sales_order (id , cust_id , order_date , fin_code_id , region , sales_rep ) values ( 2070 , 169 , '1993-03-02' , 'r1' , 'Eastern' , 195 ) ;
Insert into sales_order (id , cust_id , order_date , fin_code_id , region , sales_rep ) values ( 2071 , 170 , '1994-05-24' , 'r1' , 'Eastern' , 299 ) ;
Insert into sales_order (id , cust_id , order_date , fin_code_id , region , sales_rep ) values ( 2072 , 171 , '1994-05-17' , 'r1' , 'Central' , 690 ) ;
Insert into sales_order (id , cust_id , order_date , fin_code_id , region , sales_rep ) values ( 2073 , 172 , '1994-05-31' , 'r1' , 'Eastern' , 1596 ) ;
Insert into sales_order (id , cust_id , order_date , fin_code_id , region , sales_rep ) values ( 2074 , 173 , '1994-07-22' , 'r1' , 'Eastern' , 299 ) ;
Insert into sales_order (id , cust_id , order_date , fin_code_id , region , sales_rep ) values ( 2075 , 174 , '1994-02-16' , 'r1' , 'Central' , 467 ) ;
Insert into sales_order (id , cust_id , order_date , fin_code_id , region , sales_rep ) values ( 2076 , 175 , '1994-03-18' , 'r1' , 'Western' , 949 ) ;
Insert into sales_order (id , cust_id , order_date , fin_code_id , region , sales_rep ) values ( 2077 , 176 , '1994-04-07' , 'r1' , 'Eastern' , 902 ) ;
Insert into sales_order (id , cust_id , order_date , fin_code_id , region , sales_rep ) values ( 2078 , 177 , '1994-05-03' , 'r1' , 'Eastern' , 856 ) ;
Insert into sales_order (id , cust_id , order_date , fin_code_id , region , sales_rep ) values ( 2079 , 178 , '1994-04-02' , 'r1' , 'Eastern' , 299 ) ;
Insert into sales_order (id , cust_id , order_date , fin_code_id , region , sales_rep ) values ( 2080 , 179 , '1994-05-03' , 'r1' , 'Eastern' , 667 ) ;
Insert into sales_order (id , cust_id , order_date , fin_code_id , region , sales_rep ) values ( 2081 , 180 , '1993-06-03' , 'r1' , 'Eastern' , 129 ) ;
Insert into sales_order (id , cust_id , order_date , fin_code_id , region , sales_rep ) values ( 2082 , 181 , '1994-07-02' , 'r1' , 'Eastern' , 1142 ) ;
Insert into sales_order (id , cust_id , order_date , fin_code_id , region , sales_rep ) values ( 2083 , 182 , '1993-01-13' , 'r1' , 'Western' , 195 ) ;
Insert into sales_order (id , cust_id , order_date , fin_code_id , region , sales_rep ) values ( 2084 , 183 , '1994-02-12' , 'r1' , 'Eastern' , 690 ) ;
Insert into sales_order (id , cust_id , order_date , fin_code_id , region , sales_rep ) values ( 2085 , 184 , '1993-03-12' , 'r1' , 'Central' , 1596 ) ;
Insert into sales_order (id , cust_id , order_date , fin_code_id , region , sales_rep ) values ( 2086 , 185 , '1994-04-12' , 'r1' , 'Eastern' , 299 ) ;
Insert into sales_order (id , cust_id , order_date , fin_code_id , region , sales_rep ) values ( 2087 , 186 , '1994-05-12' , 'r1' , 'Central' , 467 ) ;
Insert into sales_order (id , cust_id , order_date , fin_code_id , region , sales_rep ) values ( 2089 , 187 , '1994-06-11' , 'r1' , 'Central' , 949 ) ;
Insert into sales_order (id , cust_id , order_date , fin_code_id , region , sales_rep ) values ( 2090 , 188 , '1994-07-12' , 'r1' , 'Central' , 902 ) ;
Insert into sales_order (id , cust_id , order_date , fin_code_id , region , sales_rep ) values ( 2091 , 189 , '1994-07-01' , 'r1' , 'Eastern' , 856 ) ;
Insert into sales_order (id , cust_id , order_date , fin_code_id , region , sales_rep ) values ( 2092 , 190 , '1994-01-12' , 'r1' , 'Central' , 667 ) ;
Insert into sales_order (id , cust_id , order_date , fin_code_id , region , sales_rep ) values ( 2093 , 191 , '1993-02-13' , 'r1' , 'Eastern' , 129 ) ;
Insert into sales_order (id , cust_id , order_date , fin_code_id , region , sales_rep ) values ( 2094 , 192 , '1994-03-15' , 'r1' , 'Central' , 1142 ) ;
Insert into sales_order (id , cust_id , order_date , fin_code_id , region , sales_rep ) values ( 2095 , 193 , '1994-04-15' , 'r1' , 'Central' , 195 ) ;
Insert into sales_order (id , cust_id , order_date , fin_code_id , region , sales_rep ) values ( 2096 , 194 , '1994-05-17' , 'r1' , 'Eastern' , 690 ) ;
Insert into sales_order (id , cust_id , order_date , fin_code_id , region , sales_rep ) values ( 2097 , 195 , '1993-06-17' , 'r1' , 'Eastern' , 1596 ) ;
Insert into sales_order (id , cust_id , order_date , fin_code_id , region , sales_rep ) values ( 2098 , 196 , '1994-07-19' , 'r1' , 'Western' , 299 ) ;
Insert into sales_order (id , cust_id , order_date , fin_code_id , region , sales_rep ) values ( 2099 , 197 , '1993-01-17' , 'r1' , 'Eastern' , 467 ) ;
Insert into sales_order (id , cust_id , order_date , fin_code_id , region , sales_rep ) values ( 2100 , 198 , '1994-02-19' , 'r1' , 'Western' , 949 ) ;
Insert into sales_order (id , cust_id , order_date , fin_code_id , region , sales_rep ) values ( 2101 , 198 , '1993-03-20' , 'r1' , 'Western' , 902 ) ;
Insert into sales_order (id , cust_id , order_date , fin_code_id , region , sales_rep ) values ( 2102 , 199 , '1994-04-22' , 'r1' , 'Eastern' , 856 ) ;
Insert into sales_order (id , cust_id , order_date , fin_code_id , region , sales_rep ) values ( 2103 , 200 , '1994-05-24' , 'r1' , 'Eastern' , 299 ) ;
Insert into sales_order (id , cust_id , order_date , fin_code_id , region , sales_rep ) values ( 2104 , 201 , '1993-06-24' , 'r1' , 'Central' , 667 ) ;
Insert into sales_order (id , cust_id , order_date , fin_code_id , region , sales_rep ) values ( 2105 , 202 , '1994-07-23' , 'r1' , 'Eastern' , 129 ) ;
Insert into sales_order (id , cust_id , order_date , fin_code_id , region , sales_rep ) values ( 2106 , 203 , '1994-01-05' , 'r1' , 'Central' , 1142 ) ;
Insert into sales_order (id , cust_id , order_date , fin_code_id , region , sales_rep ) values ( 2107 , 204 , '1993-02-06' , 'r1' , 'Central' , 195 ) ;
Insert into sales_order (id , cust_id , order_date , fin_code_id , region , sales_rep ) values ( 2109 , 206 , '1993-04-08' , 'r1' , 'Eastern' , 1596 ) ;
Insert into sales_order (id , cust_id , order_date , fin_code_id , region , sales_rep ) values ( 2110 , 207 , '1994-05-07' , 'r1' , 'Central' , 299 ) ;
Insert into sales_order (id , cust_id , order_date , fin_code_id , region , sales_rep ) values ( 2111 , 208 , '1994-06-10' , 'r1' , 'Eastern' , 467 ) ;
Insert into sales_order (id , cust_id , order_date , fin_code_id , region , sales_rep ) values ( 2112 , 165 , '1994-01-11' , 'r1' , 'Central' , 299 ) ;
Insert into sales_order (id , cust_id , order_date , fin_code_id , region , sales_rep ) values ( 2113 , 209 , '1994-01-12' , 'r1' , 'Western' , 902 ) ;
Insert into sales_order (id , cust_id , order_date , fin_code_id , region , sales_rep ) values ( 2114 , 206 , '1994-02-12' , 'r1' , 'Eastern' , 856 ) ;
Insert into sales_order (id , cust_id , order_date , fin_code_id , region , sales_rep ) values ( 2115 , 201 , '1993-03-16' , 'r1' , 'Central' , 667 ) ;
Insert into sales_order (id , cust_id , order_date , fin_code_id , region , sales_rep ) values ( 2116 , 209 , '1994-04-15' , 'r1' , 'Western' , 1142 ) ;
Insert into sales_order (id , cust_id , order_date , fin_code_id , region , sales_rep ) values ( 2117 , 204 , '1993-05-15' , 'r1' , 'Central' , 195 ) ;
Insert into sales_order (id , cust_id , order_date , fin_code_id , region , sales_rep ) values ( 2118 , 147 , '1994-06-17' , 'r1' , 'Eastern' , 690 ) ;
Insert into sales_order (id , cust_id , order_date , fin_code_id , region , sales_rep ) values ( 2119 , 168 , '1994-07-19' , 'r1' , 'Western' , 1596 ) ;
Insert into sales_order (id , cust_id , order_date , fin_code_id , region , sales_rep ) values ( 2120 , 110 , '1994-01-19' , 'r1' , 'Central' , 299 ) ;
Insert into sales_order (id , cust_id , order_date , fin_code_id , region , sales_rep ) values ( 2121 , 189 , '1993-02-20' , 'r1' , 'Eastern' , 467 ) ;
Insert into sales_order (id , cust_id , order_date , fin_code_id , region , sales_rep ) values ( 2122 , 132 , '1994-03-22' , 'r1' , 'Central' , 949 ) ;
Insert into sales_order (id , cust_id , order_date , fin_code_id , region , sales_rep ) values ( 2123 , 175 , '1994-04-22' , 'r1' , 'Western' , 902 ) ;
Insert into sales_order (id , cust_id , order_date , fin_code_id , region , sales_rep ) values ( 2124 , 134 , '1993-05-25' , 'r1' , 'Central' , 856 ) ;
Insert into sales_order (id , cust_id , order_date , fin_code_id , region , sales_rep ) values ( 2125 , 101 , '1994-06-24' , 'r1' , 'Eastern' , 299 ) ;
Insert into sales_order (id , cust_id , order_date , fin_code_id , region , sales_rep ) values ( 2126 , 136 , '1993-01-03' , 'r1' , 'Central' , 299 ) ;
Insert into sales_order (id , cust_id , order_date , fin_code_id , region , sales_rep ) values ( 2127 , 142 , '1993-01-06' , 'r1' , 'Central' , 467 ) ;
Insert into sales_order (id , cust_id , order_date , fin_code_id , region , sales_rep ) values ( 2128 , 155 , '1993-01-28' , 'r1' , 'Central' , 467 ) ;
Insert into sales_order (id , cust_id , order_date , fin_code_id , region , sales_rep ) values ( 2129 , 166 , '1993-01-07' , 'r1' , 'Eastern' , 949 ) ;
Insert into sales_order (id , cust_id , order_date , fin_code_id , region , sales_rep ) values ( 2130 , 146 , '1993-01-17' , 'r1' , 'Western' , 902 ) ;
Insert into sales_order (id , cust_id , order_date , fin_code_id , region , sales_rep ) values ( 2131 , 128 , '1993-01-02' , 'r1' , 'Eastern' , 856 ) ;
Insert into sales_order (id , cust_id , order_date , fin_code_id , region , sales_rep ) values ( 2132 , 110 , '1993-01-08' , 'r1' , 'Central' , 299 ) ;
Insert into sales_order (id , cust_id , order_date , fin_code_id , region , sales_rep ) values ( 2133 , 167 , '1993-01-10' , 'r1' , 'Central' , 667 ) ;
Insert into sales_order (id , cust_id , order_date , fin_code_id , region , sales_rep ) values ( 2134 , 168 , '1993-01-14' , 'r1' , 'Western' , 129 ) ;
Insert into sales_order (id , cust_id , order_date , fin_code_id , region , sales_rep ) values ( 2135 , 205 , '1993-01-06' , 'r1' , 'Eastern' , 1142 ) ;
Insert into sales_order (id , cust_id , order_date , fin_code_id , region , sales_rep ) values ( 2136 , 188 , '1993-01-09' , 'r1' , 'Central' , 195 ) ;
Insert into sales_order (id , cust_id , order_date , fin_code_id , region , sales_rep ) values ( 2137 , 170 , '1993-01-14' , 'r1' , 'South' , 690 ) ;
Insert into sales_order (id , cust_id , order_date , fin_code_id , region , sales_rep ) values ( 2138 , 198 , '1993-01-16' , 'r1' , 'Western' , 1596 ) ;
Insert into sales_order (id , cust_id , order_date , fin_code_id , region , sales_rep ) values ( 2139 , 203 , '1993-01-17' , 'r1' , 'Central' , 299 ) ;
Insert into sales_order (id , cust_id , order_date , fin_code_id , region , sales_rep ) values ( 2140 , 209 , '1993-01-20' , 'r1' , 'Western' , 467 ) ;
Insert into sales_order (id , cust_id , order_date , fin_code_id , region , sales_rep ) values ( 2141 , 166 , '1993-01-21' , 'r1' , 'South' , 949 ) ;
Insert into sales_order (id , cust_id , order_date , fin_code_id , region , sales_rep ) values ( 2142 , 102 , '1993-01-22' , 'r1' , 'Eastern' , 902 ) ;
Insert into sales_order (id , cust_id , order_date , fin_code_id , region , sales_rep ) values ( 2143 , 115 , '1993-01-23' , 'r1' , 'Central' , 856 ) ;
Insert into sales_order (id , cust_id , order_date , fin_code_id , region , sales_rep ) values ( 2144 , 110 , '1993-01-24' , 'r1' , 'Central' , 299 ) ;
Insert into sales_order (id , cust_id , order_date , fin_code_id , region , sales_rep ) values ( 2145 , 135 , '1993-01-27' , 'r1' , 'Eastern' , 667 ) ;
Insert into sales_order (id , cust_id , order_date , fin_code_id , region , sales_rep ) values ( 2146 , 189 , '1993-01-28' , 'r1' , 'Eastern' , 129 ) ;
Insert into sales_order (id , cust_id , order_date , fin_code_id , region , sales_rep ) values ( 2147 , 200 , '1993-01-29' , 'r1' , 'Eastern' , 1142 ) ;
Insert into sales_order (id , cust_id , order_date , fin_code_id , region , sales_rep ) values ( 2148 , 199 , '1993-01-30' , 'r1' , 'Eastern' , 195 ) ;
Insert into sales_order (id , cust_id , order_date , fin_code_id , region , sales_rep ) values ( 2149 , 190 , '1993-01-31' , 'r1' , 'Central' , 690 ) ;
Insert into sales_order (id , cust_id , order_date , fin_code_id , region , sales_rep ) values ( 2150 , 169 , '1993-02-03' , 'r1' , 'South' , 1596 ) ;
Insert into sales_order (id , cust_id , order_date , fin_code_id , region , sales_rep ) values ( 2151 , 144 , '1993-02-04' , 'r1' , 'Eastern' , 299 ) ;
Insert into sales_order (id , cust_id , order_date , fin_code_id , region , sales_rep ) values ( 2152 , 132 , '1993-02-05' , 'r1' , 'Central' , 467 ) ;
Insert into sales_order (id , cust_id , order_date , fin_code_id , region , sales_rep ) values ( 2153 , 111 , '1993-02-06' , 'r1' , 'Eastern' , 949 ) ;
Insert into sales_order (id , cust_id , order_date , fin_code_id , region , sales_rep ) values ( 2154 , 122 , '1993-02-07' , 'r1' , 'Eastern' , 902 ) ;
Insert into sales_order (id , cust_id , order_date , fin_code_id , region , sales_rep ) values ( 2155 , 143 , '1993-02-10' , 'r1' , 'Canada' , 856 ) ;
Insert into sales_order (id , cust_id , order_date , fin_code_id , region , sales_rep ) values ( 2156 , 157 , '1993-02-11' , 'r1' , 'Central' , 299 ) ;
Insert into sales_order (id , cust_id , order_date , fin_code_id , region , sales_rep ) values ( 2157 , 168 , '1993-02-12' , 'r1' , 'Western' , 129 ) ;
Insert into sales_order (id , cust_id , order_date , fin_code_id , region , sales_rep ) values ( 2158 , 179 , '1993-02-13' , 'r1' , 'South' , 1142 ) ;
Insert into sales_order (id , cust_id , order_date , fin_code_id , region , sales_rep ) values ( 2159 , 181 , '1993-02-14' , 'r1' , 'Eastern' , 195 ) ;
Insert into sales_order (id , cust_id , order_date , fin_code_id , region , sales_rep ) values ( 2160 , 183 , '1993-02-14' , 'r1' , 'South' , 195 ) ;
Insert into sales_order (id , cust_id , order_date , fin_code_id , region , sales_rep ) values ( 2161 , 199 , '1993-02-17' , 'r1' , 'Eastern' , 690 ) ;
Insert into sales_order (id , cust_id , order_date , fin_code_id , region , sales_rep ) values ( 2162 , 202 , '1993-02-18' , 'r1' , 'Eastern' , 1596 ) ;
Insert into sales_order (id , cust_id , order_date , fin_code_id , region , sales_rep ) values ( 2163 , 204 , '1993-02-19' , 'r1' , 'Central' , 299 ) ;
Insert into sales_order (id , cust_id , order_date , fin_code_id , region , sales_rep ) values ( 2164 , 206 , '1993-02-20' , 'r1' , 'Eastern' , 467 ) ;
Insert into sales_order (id , cust_id , order_date , fin_code_id , region , sales_rep ) values ( 2165 , 104 , '1993-02-21' , 'r1' , 'South' , 949 ) ;
Insert into sales_order (id , cust_id , order_date , fin_code_id , region , sales_rep ) values ( 2166 , 113 , '1993-02-24' , 'r1' , 'Central' , 902 ) ;
Insert into sales_order (id , cust_id , order_date , fin_code_id , region , sales_rep ) values ( 2167 , 121 , '1993-02-25' , 'r1' , 'Central' , 856 ) ;
Insert into sales_order (id , cust_id , order_date , fin_code_id , region , sales_rep ) values ( 2168 , 137 , '1993-02-26' , 'r1' , 'Central' , 299 ) ;
Insert into sales_order (id , cust_id , order_date , fin_code_id , region , sales_rep ) values ( 2169 , 148 , '1993-02-27' , 'r1' , 'Canada' , 667 ) ;
Insert into sales_order (id , cust_id , order_date , fin_code_id , region , sales_rep ) values ( 2170 , 149 , '1993-02-28' , 'r1' , 'Canada' , 129 ) ;
Insert into sales_order (id , cust_id , order_date , fin_code_id , region , sales_rep ) values ( 2171 , 153 , '1993-03-03' , 'r1' , 'Central' , 1142 ) ;
Insert into sales_order (id , cust_id , order_date , fin_code_id , region , sales_rep ) values ( 2172 , 202 , '1993-03-02' , 'r1' , 'Eastern' , 1142 ) ;
Insert into sales_order (id , cust_id , order_date , fin_code_id , region , sales_rep ) values ( 2173 , 107 , '1993-03-03' , 'r1' , 'South' , 1142 ) ;
Insert into sales_order (id , cust_id , order_date , fin_code_id , region , sales_rep ) values ( 2174 , 129 , '1993-03-04' , 'r1' , 'Eastern' , 195 ) ;
Insert into sales_order (id , cust_id , order_date , fin_code_id , region , sales_rep ) values ( 2175 , 208 , '1993-03-05' , 'r1' , 'Eastern' , 690 ) ;
Insert into sales_order (id , cust_id , order_date , fin_code_id , region , sales_rep ) values ( 2176 , 140 , '1993-03-06' , 'r1' , 'Western' , 1596 ) ;
Insert into sales_order (id , cust_id , order_date , fin_code_id , region , sales_rep ) values ( 2177 , 134 , '1993-03-06' , 'r1' , 'Central' , 299 ) ;
Insert into sales_order (id , cust_id , order_date , fin_code_id , region , sales_rep ) values ( 2178 , 103 , '1993-03-09' , 'r1' , 'Eastern' , 467 ) ;
Insert into sales_order (id , cust_id , order_date , fin_code_id , region , sales_rep ) values ( 2179 , 119 , '1993-03-10' , 'r1' , 'Western' , 949 ) ;
Insert into sales_order (id , cust_id , order_date , fin_code_id , region , sales_rep ) values ( 2180 , 209 , '1993-03-11' , 'r1' , 'Western' , 902 ) ;
Insert into sales_order (id , cust_id , order_date , fin_code_id , region , sales_rep ) values ( 2181 , 136 , '1993-03-12' , 'r1' , 'Central' , 856 ) ;
Insert into sales_order (id , cust_id , order_date , fin_code_id , region , sales_rep ) values ( 2182 , 195 , '1993-03-13' , 'r1' , 'South' , 299 ) ;
Insert into sales_order (id , cust_id , order_date , fin_code_id , region , sales_rep ) values ( 2183 , 118 , '1993-03-17' , 'r1' , 'South' , 667 ) ;
Insert into sales_order (id , cust_id , order_date , fin_code_id , region , sales_rep ) values ( 2184 , 182 , '1993-03-18' , 'r1' , 'Western' , 129 ) ;
Insert into sales_order (id , cust_id , order_date , fin_code_id , region , sales_rep ) values ( 2185 , 107 , '1993-03-19' , 'r1' , 'South' , 1142 ) ;
Insert into sales_order (id , cust_id , order_date , fin_code_id , region , sales_rep ) values ( 2186 , 111 , '1993-03-20' , 'r1' , 'Eastern' , 195 ) ;
Insert into sales_order (id , cust_id , order_date , fin_code_id , region , sales_rep ) values ( 2187 , 136 , '1993-03-23' , 'r1' , 'Central' , 690 ) ;
Insert into sales_order (id , cust_id , order_date , fin_code_id , region , sales_rep ) values ( 2188 , 144 , '1993-03-24' , 'r1' , 'Eastern' , 1596 ) ;
Insert into sales_order (id , cust_id , order_date , fin_code_id , region , sales_rep ) values ( 2189 , 156 , '1993-03-24' , 'r1' , 'Central' , 299 ) ;
Insert into sales_order (id , cust_id , order_date , fin_code_id , region , sales_rep ) values ( 2190 , 192 , '1993-03-25' , 'r1' , 'Central' , 467 ) ;
Insert into sales_order (id , cust_id , order_date , fin_code_id , region , sales_rep ) values ( 2191 , 118 , '1993-03-26' , 'r1' , 'South' , 949 ) ;
Insert into sales_order (id , cust_id , order_date , fin_code_id , region , sales_rep ) values ( 2192 , 158 , '1993-03-27' , 'r1' , 'Eastern' , 902 ) ;
Insert into sales_order (id , cust_id , order_date , fin_code_id , region , sales_rep ) values ( 2193 , 183 , '1993-03-30' , 'r1' , 'South' , 856 ) ;
Insert into sales_order (id , cust_id , order_date , fin_code_id , region , sales_rep ) values ( 2194 , 124 , '1993-03-31' , 'r1' , 'Eastern' , 299 ) ;
Insert into sales_order (id , cust_id , order_date , fin_code_id , region , sales_rep ) values ( 2195 , 131 , '1993-04-01' , 'r1' , 'Eastern' , 667 ) ;
Insert into sales_order (id , cust_id , order_date , fin_code_id , region , sales_rep ) values ( 2196 , 157 , '1993-04-02' , 'r1' , 'Central' , 129 ) ;
Insert into sales_order (id , cust_id , order_date , fin_code_id , region , sales_rep ) values ( 2197 , 161 , '1993-04-03' , 'r1' , 'Eastern' , 1142 ) ;
Insert into sales_order (id , cust_id , order_date , fin_code_id , region , sales_rep ) values ( 2198 , 144 , '1993-04-06' , 'r1' , 'Eastern' , 195 ) ;
Insert into sales_order (id , cust_id , order_date , fin_code_id , region , sales_rep ) values ( 2199 , 116 , '1993-04-07' , 'r1' , 'Eastern' , 690 ) ;
Insert into sales_order (id , cust_id , order_date , fin_code_id , region , sales_rep ) values ( 2200 , 198 , '1993-04-08' , 'r1' , 'Western' , 1596 ) ;
Insert into sales_order (id , cust_id , order_date , fin_code_id , region , sales_rep ) values ( 2201 , 139 , '1993-04-09' , 'r1' , 'Eastern' , 299 ) ;
Insert into sales_order (id , cust_id , order_date , fin_code_id , region , sales_rep ) values ( 2202 , 166 , '1993-04-10' , 'r1' , 'South' , 467 ) ;
Insert into sales_order (id , cust_id , order_date , fin_code_id , region , sales_rep ) values ( 2203 , 107 , '1993-04-13' , 'r1' , 'South' , 949 ) ;
Insert into sales_order (id , cust_id , order_date , fin_code_id , region , sales_rep ) values ( 2204 , 139 , '1993-04-14' , 'r1' , 'Eastern' , 902 ) ;
Insert into sales_order (id , cust_id , order_date , fin_code_id , region , sales_rep ) values ( 2205 , 200 , '1993-04-15' , 'r1' , 'Eastern' , 856 ) ;
Insert into sales_order (id , cust_id , order_date , fin_code_id , region , sales_rep ) values ( 2206 , 101 , '1993-04-16' , 'r1' , 'Eastern' , 299 ) ;
Insert into sales_order (id , cust_id , order_date , fin_code_id , region , sales_rep ) values ( 2207 , 103 , '1993-04-17' , 'r1' , 'Eastern' , 667 ) ;
Insert into sales_order (id , cust_id , order_date , fin_code_id , region , sales_rep ) values ( 2208 , 201 , '1993-04-20' , 'r1' , 'Central' , 129 ) ;
Insert into sales_order (id , cust_id , order_date , fin_code_id , region , sales_rep ) values ( 2209 , 204 , '1993-04-21' , 'r1' , 'Central' , 1142 ) ;
Insert into sales_order (id , cust_id , order_date , fin_code_id , region , sales_rep ) values ( 2210 , 206 , '1993-04-22' , 'r1' , 'Eastern' , 195 ) ;
Insert into sales_order (id , cust_id , order_date , fin_code_id , region , sales_rep ) values ( 2211 , 207 , '1993-04-23' , 'r1' , 'Central' , 690 ) ;
Insert into sales_order (id , cust_id , order_date , fin_code_id , region , sales_rep ) values ( 2212 , 190 , '1993-04-24' , 'r1' , 'Central' , 1596 ) ;
Insert into sales_order (id , cust_id , order_date , fin_code_id , region , sales_rep ) values ( 2213 , 191 , '1993-04-27' , 'r1' , 'South' , 299 ) ;
Insert into sales_order (id , cust_id , order_date , fin_code_id , region , sales_rep ) values ( 2214 , 192 , '1993-04-28' , 'r1' , 'Central' , 467 ) ;
Insert into sales_order (id , cust_id , order_date , fin_code_id , region , sales_rep ) values ( 2215 , 193 , '1993-04-29' , 'r1' , 'Central' , 949 ) ;
Insert into sales_order (id , cust_id , order_date , fin_code_id , region , sales_rep ) values ( 2216 , 194 , '1993-04-30' , 'r1' , 'Eastern' , 902 ) ;
Insert into sales_order (id , cust_id , order_date , fin_code_id , region , sales_rep ) values ( 2217 , 195 , '1993-05-01' , 'r1' , 'South' , 856 ) ;
Insert into sales_order (id , cust_id , order_date , fin_code_id , region , sales_rep ) values ( 2218 , 196 , '1993-05-04' , 'r1' , 'Canada' , 299 ) ;
Insert into sales_order (id , cust_id , order_date , fin_code_id , region , sales_rep ) values ( 2219 , 197 , '1993-05-05' , 'r1' , 'South' , 667 ) ;
Insert into sales_order (id , cust_id , order_date , fin_code_id , region , sales_rep ) values ( 2220 , 198 , '1993-05-06' , 'r1' , 'Western' , 129 ) ;
Insert into sales_order (id , cust_id , order_date , fin_code_id , region , sales_rep ) values ( 2221 , 199 , '1993-05-07' , 'r1' , 'Eastern' , 1142 ) ;
Insert into sales_order (id , cust_id , order_date , fin_code_id , region , sales_rep ) values ( 2222 , 200 , '1993-05-08' , 'r1' , 'Eastern' , 195 ) ;
Insert into sales_order (id , cust_id , order_date , fin_code_id , region , sales_rep ) values ( 2223 , 201 , '1993-05-11' , 'r1' , 'Central' , 690 ) ;
Insert into sales_order (id , cust_id , order_date , fin_code_id , region , sales_rep ) values ( 2224 , 202 , '1993-05-12' , 'r1' , 'Eastern' , 1596 ) ;
Insert into sales_order (id , cust_id , order_date , fin_code_id , region , sales_rep ) values ( 2225 , 203 , '1993-05-13' , 'r1' , 'Central' , 299 ) ;
Insert into sales_order (id , cust_id , order_date , fin_code_id , region , sales_rep ) values ( 2226 , 204 , '1993-05-14' , 'r1' , 'Central' , 467 ) ;
Insert into sales_order (id , cust_id , order_date , fin_code_id , region , sales_rep ) values ( 2227 , 205 , '1993-05-15' , 'r1' , 'Eastern' , 949 ) ;
Insert into sales_order (id , cust_id , order_date , fin_code_id , region , sales_rep ) values ( 2228 , 107 , '1993-05-18' , 'r1' , 'South' , 902 ) ;
Insert into sales_order (id , cust_id , order_date , fin_code_id , region , sales_rep ) values ( 2229 , 108 , '1993-05-19' , 'r1' , 'South' , 856 ) ;
Insert into sales_order (id , cust_id , order_date , fin_code_id , region , sales_rep ) values ( 2230 , 109 , '1993-05-20' , 'r1' , 'Canada' , 299 ) ;
Insert into sales_order (id , cust_id , order_date , fin_code_id , region , sales_rep ) values ( 2231 , 110 , '1993-05-21' , 'r1' , 'Central' , 667 ) ;
Insert into sales_order (id , cust_id , order_date , fin_code_id , region , sales_rep ) values ( 2232 , 111 , '1993-05-22' , 'r1' , 'Eastern' , 129 ) ;
Insert into sales_order (id , cust_id , order_date , fin_code_id , region , sales_rep ) values ( 2233 , 112 , '1993-05-25' , 'r1' , 'Central' , 1142 ) ;
Insert into sales_order (id , cust_id , order_date , fin_code_id , region , sales_rep ) values ( 2234 , 113 , '1993-05-26' , 'r1' , 'Central' , 195 ) ;
Insert into sales_order (id , cust_id , order_date , fin_code_id , region , sales_rep ) values ( 2235 , 114 , '1993-05-27' , 'r1' , 'Central' , 690 ) ;
Insert into sales_order (id , cust_id , order_date , fin_code_id , region , sales_rep ) values ( 2236 , 115 , '1993-05-28' , 'r1' , 'Central' , 1596 ) ;
Insert into sales_order (id , cust_id , order_date , fin_code_id , region , sales_rep ) values ( 2237 , 116 , '1993-05-29' , 'r1' , 'Eastern' , 299 ) ;
Insert into sales_order (id , cust_id , order_date , fin_code_id , region , sales_rep ) values ( 2238 , 117 , '1993-05-29' , 'r1' , 'Central' , 467 ) ;
Insert into sales_order (id , cust_id , order_date , fin_code_id , region , sales_rep ) values ( 2239 , 121 , '1993-06-01' , 'r1' , 'Central' , 949 ) ;
Insert into sales_order (id , cust_id , order_date , fin_code_id , region , sales_rep ) values ( 2240 , 122 , '1993-06-02' , 'r1' , 'Eastern' , 902 ) ;
Insert into sales_order (id , cust_id , order_date , fin_code_id , region , sales_rep ) values ( 2241 , 123 , '1993-06-03' , 'r1' , 'Canada' , 856 ) ;
Insert into sales_order (id , cust_id , order_date , fin_code_id , region , sales_rep ) values ( 2242 , 124 , '1993-06-04' , 'r1' , 'Eastern' , 299 ) ;
Insert into sales_order (id , cust_id , order_date , fin_code_id , region , sales_rep ) values ( 2243 , 125 , '1993-06-05' , 'r1' , 'Central' , 667 ) ;
Insert into sales_order (id , cust_id , order_date , fin_code_id , region , sales_rep ) values ( 2244 , 126 , '1993-06-08' , 'r1' , 'Western' , 129 ) ;
Insert into sales_order (id , cust_id , order_date , fin_code_id , region , sales_rep ) values ( 2245 , 127 , '1993-06-09' , 'r1' , 'South' , 1142 ) ;
Insert into sales_order (id , cust_id , order_date , fin_code_id , region , sales_rep ) values ( 2246 , 128 , '1993-06-10' , 'r1' , 'Eastern' , 195 ) ;
Insert into sales_order (id , cust_id , order_date , fin_code_id , region , sales_rep ) values ( 2247 , 129 , '1993-06-11' , 'r1' , 'Eastern' , 690 ) ;
Insert into sales_order (id , cust_id , order_date , fin_code_id , region , sales_rep ) values ( 2248 , 130 , '1993-06-12' , 'r1' , 'Central' , 1596 ) ;
Insert into sales_order (id , cust_id , order_date , fin_code_id , region , sales_rep ) values ( 2249 , 132 , '1993-06-15' , 'r1' , 'Central' , 299 ) ;
Insert into sales_order (id , cust_id , order_date , fin_code_id , region , sales_rep ) values ( 2250 , 133 , '1993-06-16' , 'r1' , 'Western' , 467 ) ;
Insert into sales_order (id , cust_id , order_date , fin_code_id , region , sales_rep ) values ( 2251 , 145 , '1993-06-17' , 'r1' , 'Eastern' , 949 ) ;
Insert into sales_order (id , cust_id , order_date , fin_code_id , region , sales_rep ) values ( 2252 , 147 , '1993-06-18' , 'r1' , 'Eastern' , 902 ) ;
Insert into sales_order (id , cust_id , order_date , fin_code_id , region , sales_rep ) values ( 2253 , 104 , '1993-06-19' , 'r1' , 'South' , 856 ) ;
Insert into sales_order (id , cust_id , order_date , fin_code_id , region , sales_rep ) values ( 2254 , 107 , '1993-06-22' , 'r1' , 'South' , 299 ) ;
Insert into sales_order (id , cust_id , order_date , fin_code_id , region , sales_rep ) values ( 2255 , 182 , '1993-06-23' , 'r1' , 'Western' , 667 ) ;
Insert into sales_order (id , cust_id , order_date , fin_code_id , region , sales_rep ) values ( 2256 , 170 , '1993-06-24' , 'r1' , 'South' , 129 ) ;
Insert into sales_order (id , cust_id , order_date , fin_code_id , region , sales_rep ) values ( 2257 , 166 , '1993-06-25' , 'r1' , 'South' , 1142 ) ;
Insert into sales_order (id , cust_id , order_date , fin_code_id , region , sales_rep ) values ( 2258 , 151 , '1993-06-26' , 'r1' , 'Central' , 195 ) ;
Insert into sales_order (id , cust_id , order_date , fin_code_id , region , sales_rep ) values ( 2259 , 198 , '1993-06-29' , 'r1' , 'Western' , 690 ) ;
Insert into sales_order (id , cust_id , order_date , fin_code_id , region , sales_rep ) values ( 2260 , 176 , '1993-06-30' , 'r1' , 'Eastern' , 1596 ) ;
Insert into sales_order (id , cust_id , order_date , fin_code_id , region , sales_rep ) values ( 2261 , 149 , '1993-07-01' , 'r1' , 'Canada' , 299 ) ;
Insert into sales_order (id , cust_id , order_date , fin_code_id , region , sales_rep ) values ( 2262 , 185 , '1993-07-02' , 'r1' , 'Eastern' , 467 ) ;
Insert into sales_order (id , cust_id , order_date , fin_code_id , region , sales_rep ) values ( 2263 , 201 , '1993-07-06' , 'r1' , 'Central' , 949 ) ;
Insert into sales_order (id , cust_id , order_date , fin_code_id , region , sales_rep ) values ( 2264 , 209 , '1993-07-07' , 'r1' , 'Western' , 902 ) ;
Insert into sales_order (id , cust_id , order_date , fin_code_id , region , sales_rep ) values ( 2265 , 199 , '1993-07-08' , 'r1' , 'Eastern' , 856 ) ;
Insert into sales_order (id , cust_id , order_date , fin_code_id , region , sales_rep ) values ( 2266 , 104 , '1993-07-09' , 'r1' , 'South' , 299 ) ;
Insert into sales_order (id , cust_id , order_date , fin_code_id , region , sales_rep ) values ( 2267 , 121 , '1993-07-10' , 'r1' , 'Central' , 667 ) ;
Insert into sales_order (id , cust_id , order_date , fin_code_id , region , sales_rep ) values ( 2268 , 136 , '1993-07-13' , 'r1' , 'Central' , 129 ) ;
Insert into sales_order (id , cust_id , order_date , fin_code_id , region , sales_rep ) values ( 2269 , 205 , '1993-07-14' , 'r1' , 'Eastern' , 1142 ) ;
Insert into sales_order (id , cust_id , order_date , fin_code_id , region , sales_rep ) values ( 2270 , 149 , '1993-07-15' , 'r1' , 'Canada' , 195 ) ;
Insert into sales_order (id , cust_id , order_date , fin_code_id , region , sales_rep ) values ( 2271 , 150 , '1993-07-15' , 'r1' , 'Canada' , 690 ) ;
Insert into sales_order (id , cust_id , order_date , fin_code_id , region , sales_rep ) values ( 2272 , 191 , '1993-07-16' , 'r1' , 'South' , 1596 ) ;
Insert into sales_order (id , cust_id , order_date , fin_code_id , region , sales_rep ) values ( 2273 , 182 , '1993-07-16' , 'r1' , 'Western' , 299 ) ;
Insert into sales_order (id , cust_id , order_date , fin_code_id , region , sales_rep ) values ( 2274 , 104 , '1993-07-17' , 'r1' , 'South' , 467 ) ;
Insert into sales_order (id , cust_id , order_date , fin_code_id , region , sales_rep ) values ( 2275 , 127 , '1993-07-20' , 'r1' , 'South' , 949 ) ;
Insert into sales_order (id , cust_id , order_date , fin_code_id , region , sales_rep ) values ( 2276 , 153 , '1993-07-21' , 'r1' , 'Central' , 902 ) ;
Insert into sales_order (id , cust_id , order_date , fin_code_id , region , sales_rep ) values ( 2277 , 208 , '1993-07-22' , 'r1' , 'Eastern' , 856 ) ;
Insert into sales_order (id , cust_id , order_date , fin_code_id , region , sales_rep ) values ( 2278 , 189 , '1993-07-22' , 'r1' , 'Eastern' , 299 ) ;
Insert into sales_order (id , cust_id , order_date , fin_code_id , region , sales_rep ) values ( 2279 , 101 , '1993-07-23' , 'r1' , 'Eastern' , 299 ) ;
Insert into sales_order (id , cust_id , order_date , fin_code_id , region , sales_rep ) values ( 2280 , 104 , '1993-07-23' , 'r1' , 'South' , 667 ) ;
Insert into sales_order (id , cust_id , order_date , fin_code_id , region , sales_rep ) values ( 2281 , 204 , '1993-07-24' , 'r1' , 'Central' , 129 ) ;
Insert into sales_order (id , cust_id , order_date , fin_code_id , region , sales_rep ) values ( 2282 , 123 , '1993-07-27' , 'r1' , 'Canada' , 1142 ) ;
Insert into sales_order (id , cust_id , order_date , fin_code_id , region , sales_rep ) values ( 2283 , 201 , '1993-07-27' , 'r1' , 'Central' , 195 ) ;
Insert into sales_order (id , cust_id , order_date , fin_code_id , region , sales_rep ) values ( 2284 , 113 , '1993-07-28' , 'r1' , 'Central' , 690 ) ;
Insert into sales_order (id , cust_id , order_date , fin_code_id , region , sales_rep ) values ( 2285 , 139 , '1993-07-29' , 'r1' , 'Eastern' , 1596 ) ;
Insert into sales_order (id , cust_id , order_date , fin_code_id , region , sales_rep ) values ( 2286 , 142 , '1993-07-30' , 'r1' , 'Central' , 299 ) ;
Insert into sales_order (id , cust_id , order_date , fin_code_id , region , sales_rep ) values ( 2287 , 154 , '1993-07-31' , 'r1' , 'South' , 467 ) ;
Insert into sales_order (id , cust_id , order_date , fin_code_id , region , sales_rep ) values ( 2288 , 207 , '1993-08-03' , 'r1' , 'Central' , 949 ) ;
Insert into sales_order (id , cust_id , order_date , fin_code_id , region , sales_rep ) values ( 2289 , 117 , '1993-08-03' , 'r1' , 'Central' , 902 ) ;
Insert into sales_order (id , cust_id , order_date , fin_code_id , region , sales_rep ) values ( 2290 , 172 , '1993-08-04' , 'r1' , 'Eastern' , 299 ) ;
Insert into sales_order (id , cust_id , order_date , fin_code_id , region , sales_rep ) values ( 2291 , 112 , '1993-08-07' , 'r1' , 'Central' , 667 ) ;
Insert into sales_order (id , cust_id , order_date , fin_code_id , region , sales_rep ) values ( 2292 , 157 , '1993-08-10' , 'r1' , 'Central' , 129 ) ;
Insert into sales_order (id , cust_id , order_date , fin_code_id , region , sales_rep ) values ( 2293 , 164 , '1993-08-11' , 'r1' , 'Eastern' , 1142 ) ;
Insert into sales_order (id , cust_id , order_date , fin_code_id , region , sales_rep ) values ( 2294 , 204 , '1993-08-11' , 'r1' , 'Central' , 195 ) ;
Insert into sales_order (id , cust_id , order_date , fin_code_id , region , sales_rep ) values ( 2295 , 101 , '1993-08-12' , 'r1' , 'Eastern' , 195 ) ;
Insert into sales_order (id , cust_id , order_date , fin_code_id , region , sales_rep ) values ( 2296 , 114 , '1993-08-13' , 'r1' , 'Central' , 690 ) ;
Insert into sales_order (id , cust_id , order_date , fin_code_id , region , sales_rep ) values ( 2297 , 197 , '1993-08-13' , 'r1' , 'South' , 1596 ) ;
Insert into sales_order (id , cust_id , order_date , fin_code_id , region , sales_rep ) values ( 2298 , 200 , '1993-08-14' , 'r1' , 'Eastern' , 299 ) ;
Insert into sales_order (id , cust_id , order_date , fin_code_id , region , sales_rep ) values ( 2299 , 117 , '1993-08-17' , 'r1' , 'Central' , 467 ) ;
Insert into sales_order (id , cust_id , order_date , fin_code_id , region , sales_rep ) values ( 2300 , 172 , '1993-08-18' , 'r1' , 'Eastern' , 949 ) ;
Insert into sales_order (id , cust_id , order_date , fin_code_id , region , sales_rep ) values ( 2301 , 116 , '1993-08-18' , 'r1' , 'Eastern' , 902 ) ;
Insert into sales_order (id , cust_id , order_date , fin_code_id , region , sales_rep ) values ( 2302 , 147 , '1993-08-19' , 'r1' , 'Eastern' , 856 ) ;
Insert into sales_order (id , cust_id , order_date , fin_code_id , region , sales_rep ) values ( 2303 , 166 , '1993-08-20' , 'r1' , 'South' , 299 ) ;
Insert into sales_order (id , cust_id , order_date , fin_code_id , region , sales_rep ) values ( 2304 , 107 , '1993-08-20' , 'r1' , 'South' , 667 ) ;
Insert into sales_order (id , cust_id , order_date , fin_code_id , region , sales_rep ) values ( 2305 , 201 , '1993-08-20' , 'r1' , 'Central' , 667 ) ;
Insert into sales_order (id , cust_id , order_date , fin_code_id , region , sales_rep ) values ( 2306 , 199 , '1993-08-21' , 'r1' , 'Eastern' , 129 ) ;
Insert into sales_order (id , cust_id , order_date , fin_code_id , region , sales_rep ) values ( 2307 , 103 , '1993-08-24' , 'r1' , 'Eastern' , 1142 ) ;
Insert into sales_order (id , cust_id , order_date , fin_code_id , region , sales_rep ) values ( 2308 , 111 , '1993-08-25' , 'r1' , 'Eastern' , 195 ) ;
Insert into sales_order (id , cust_id , order_date , fin_code_id , region , sales_rep ) values ( 2309 , 129 , '1993-08-26' , 'r1' , 'Eastern' , 690 ) ;
Insert into sales_order (id , cust_id , order_date , fin_code_id , region , sales_rep ) values ( 2310 , 147 , '1993-08-27' , 'r1' , 'Eastern' , 1596 ) ;
Insert into sales_order (id , cust_id , order_date , fin_code_id , region , sales_rep ) values ( 2311 , 152 , '1993-08-27' , 'r1' , 'Eastern' , 299 ) ;
Insert into sales_order (id , cust_id , order_date , fin_code_id , region , sales_rep ) values ( 2312 , 209 , '1993-08-28' , 'r1' , 'Western' , 299 ) ;
Insert into sales_order (id , cust_id , order_date , fin_code_id , region , sales_rep ) values ( 2313 , 110 , '1993-08-31' , 'r1' , 'Central' , 467 ) ;
Insert into sales_order (id , cust_id , order_date , fin_code_id , region , sales_rep ) values ( 2314 , 161 , '1993-08-31' , 'r1' , 'Eastern' , 949 ) ;
Insert into sales_order (id , cust_id , order_date , fin_code_id , region , sales_rep ) values ( 2315 , 190 , '1993-09-01' , 'r1' , 'Central' , 902 ) ;
Insert into sales_order (id , cust_id , order_date , fin_code_id , region , sales_rep ) values ( 2316 , 138 , '1993-09-02' , 'r1' , 'Canada' , 856 ) ;
Insert into sales_order (id , cust_id , order_date , fin_code_id , region , sales_rep ) values ( 2317 , 159 , '1993-09-03' , 'r1' , 'Central' , 299 ) ;
Insert into sales_order (id , cust_id , order_date , fin_code_id , region , sales_rep ) values ( 2318 , 102 , '1993-09-04' , 'r1' , 'Eastern' , 667 ) ;
Insert into sales_order (id , cust_id , order_date , fin_code_id , region , sales_rep ) values ( 2319 , 117 , '1993-09-07' , 'r1' , 'Central' , 129 ) ;
Insert into sales_order (id , cust_id , order_date , fin_code_id , region , sales_rep ) values ( 2320 , 172 , '1993-09-08' , 'r1' , 'Eastern' , 1142 ) ;
Insert into sales_order (id , cust_id , order_date , fin_code_id , region , sales_rep ) values ( 2321 , 201 , '1993-09-08' , 'r1' , 'Central' , 195 ) ;
Insert into sales_order (id , cust_id , order_date , fin_code_id , region , sales_rep ) values ( 2322 , 189 , '1993-09-09' , 'r1' , 'Eastern' , 690 ) ;
Insert into sales_order (id , cust_id , order_date , fin_code_id , region , sales_rep ) values ( 2323 , 119 , '1993-09-09' , 'r1' , 'Western' , 1596 ) ;
Insert into sales_order (id , cust_id , order_date , fin_code_id , region , sales_rep ) values ( 2324 , 174 , '1993-09-10' , 'r1' , 'Central' , 299 ) ;
Insert into sales_order (id , cust_id , order_date , fin_code_id , region , sales_rep ) values ( 2325 , 143 , '1993-09-11' , 'r1' , 'Canada' , 467 ) ;
Insert into sales_order (id , cust_id , order_date , fin_code_id , region , sales_rep ) values ( 2326 , 205 , '1993-09-11' , 'r1' , 'Eastern' , 949 ) ;
Insert into sales_order (id , cust_id , order_date , fin_code_id , region , sales_rep ) values ( 2327 , 121 , '1993-09-14' , 'r1' , 'Central' , 902 ) ;
Insert into sales_order (id , cust_id , order_date , fin_code_id , region , sales_rep ) values ( 2328 , 137 , '1993-09-15' , 'r1' , 'Central' , 856 ) ;
Insert into sales_order (id , cust_id , order_date , fin_code_id , region , sales_rep ) values ( 2329 , 169 , '1993-09-16' , 'r1' , 'South' , 299 ) ;
Insert into sales_order (id , cust_id , order_date , fin_code_id , region , sales_rep ) values ( 2330 , 112 , '1993-09-17' , 'r1' , 'Central' , 667 ) ;
Insert into sales_order (id , cust_id , order_date , fin_code_id , region , sales_rep ) values ( 2331 , 104 , '1993-09-17' , 'r1' , 'South' , 129 ) ;
Insert into sales_order (id , cust_id , order_date , fin_code_id , region , sales_rep ) values ( 2332 , 203 , '1993-09-18' , 'r1' , 'Central' , 1142 ) ;
Insert into sales_order (id , cust_id , order_date , fin_code_id , region , sales_rep ) values ( 2333 , 114 , '1993-09-18' , 'r1' , 'Central' , 195 ) ;
Insert into sales_order (id , cust_id , order_date , fin_code_id , region , sales_rep ) values ( 2334 , 138 , '1993-09-21' , 'r1' , 'Canada' , 1596 ) ;
Insert into sales_order (id , cust_id , order_date , fin_code_id , region , sales_rep ) values ( 2335 , 146 , '1993-09-22' , 'r1' , 'Western' , 299 ) ;
Insert into sales_order (id , cust_id , order_date , fin_code_id , region , sales_rep ) values ( 2336 , 207 , '1993-09-22' , 'r1' , 'Central' , 467 ) ;
Insert into sales_order (id , cust_id , order_date , fin_code_id , region , sales_rep ) values ( 2337 , 101 , '1993-09-23' , 'r1' , 'Eastern' , 949 ) ;
Insert into sales_order (id , cust_id , order_date , fin_code_id , region , sales_rep ) values ( 2338 , 102 , '1993-09-24' , 'r1' , 'Eastern' , 902 ) ;
Insert into sales_order (id , cust_id , order_date , fin_code_id , region , sales_rep ) values ( 2339 , 209 , '1993-09-24' , 'r1' , 'Western' , 856 ) ;
Insert into sales_order (id , cust_id , order_date , fin_code_id , region , sales_rep ) values ( 2340 , 103 , '1993-09-25' , 'r1' , 'Eastern' , 299 ) ;
Insert into sales_order (id , cust_id , order_date , fin_code_id , region , sales_rep ) values ( 2341 , 208 , '1993-09-25' , 'r1' , 'Eastern' , 667 ) ;
Insert into sales_order (id , cust_id , order_date , fin_code_id , region , sales_rep ) values ( 2342 , 104 , '1993-09-28' , 'r1' , 'South' , 129 ) ;
Insert into sales_order (id , cust_id , order_date , fin_code_id , region , sales_rep ) values ( 2343 , 207 , '1993-09-28' , 'r1' , 'Central' , 1142 ) ;
Insert into sales_order (id , cust_id , order_date , fin_code_id , region , sales_rep ) values ( 2344 , 105 , '1993-09-29' , 'r1' , 'Central' , 195 ) ;
Insert into sales_order (id , cust_id , order_date , fin_code_id , region , sales_rep ) values ( 2345 , 206 , '1993-09-29' , 'r1' , 'Eastern' , 690 ) ;
Insert into sales_order (id , cust_id , order_date , fin_code_id , region , sales_rep ) values ( 2346 , 106 , '1993-09-30' , 'r1' , 'Eastern' , 1596 ) ;
Insert into sales_order (id , cust_id , order_date , fin_code_id , region , sales_rep ) values ( 2347 , 205 , '1993-09-30' , 'r1' , 'Eastern' , 299 ) ;
Insert into sales_order (id , cust_id , order_date , fin_code_id , region , sales_rep ) values ( 2348 , 107 , '1993-10-01' , 'r1' , 'South' , 467 ) ;
Insert into sales_order (id , cust_id , order_date , fin_code_id , region , sales_rep ) values ( 2349 , 204 , '1993-10-01' , 'r1' , 'Central' , 949 ) ;
Insert into sales_order (id , cust_id , order_date , fin_code_id , region , sales_rep ) values ( 2350 , 108 , '1993-10-02' , 'r1' , 'South' , 902 ) ;
Insert into sales_order (id , cust_id , order_date , fin_code_id , region , sales_rep ) values ( 2351 , 203 , '1993-10-02' , 'r1' , 'Central' , 856 ) ;
Insert into sales_order (id , cust_id , order_date , fin_code_id , region , sales_rep ) values ( 2352 , 109 , '1993-10-05' , 'r1' , 'Canada' , 299 ) ;
Insert into sales_order (id , cust_id , order_date , fin_code_id , region , sales_rep ) values ( 2353 , 202 , '1993-10-05' , 'r1' , 'Eastern' , 667 ) ;
Insert into sales_order (id , cust_id , order_date , fin_code_id , region , sales_rep ) values ( 2354 , 110 , '1993-10-06' , 'r1' , 'Central' , 129 ) ;
Insert into sales_order (id , cust_id , order_date , fin_code_id , region , sales_rep ) values ( 2355 , 201 , '1993-10-06' , 'r1' , 'Central' , 1142 ) ;
Insert into sales_order (id , cust_id , order_date , fin_code_id , region , sales_rep ) values ( 2356 , 111 , '1993-10-07' , 'r1' , 'Eastern' , 195 ) ;
Insert into sales_order (id , cust_id , order_date , fin_code_id , region , sales_rep ) values ( 2357 , 200 , '1993-10-07' , 'r1' , 'Eastern' , 690 ) ;
Insert into sales_order (id , cust_id , order_date , fin_code_id , region , sales_rep ) values ( 2358 , 112 , '1993-10-08' , 'r1' , 'Central' , 1596 ) ;
Insert into sales_order (id , cust_id , order_date , fin_code_id , region , sales_rep ) values ( 2359 , 199 , '1993-10-08' , 'r1' , 'Eastern' , 299 ) ;
Insert into sales_order (id , cust_id , order_date , fin_code_id , region , sales_rep ) values ( 2360 , 113 , '1993-10-09' , 'r1' , 'Central' , 467 ) ;
Insert into sales_order (id , cust_id , order_date , fin_code_id , region , sales_rep ) values ( 2361 , 198 , '1993-10-09' , 'r1' , 'Western' , 949 ) ;
Insert into sales_order (id , cust_id , order_date , fin_code_id , region , sales_rep ) values ( 2362 , 114 , '1993-10-12' , 'r1' , 'Central' , 902 ) ;
Insert into sales_order (id , cust_id , order_date , fin_code_id , region , sales_rep ) values ( 2363 , 197 , '1993-10-12' , 'r1' , 'South' , 856 ) ;
Insert into sales_order (id , cust_id , order_date , fin_code_id , region , sales_rep ) values ( 2364 , 115 , '1993-10-13' , 'r1' , 'Central' , 299 ) ;
Insert into sales_order (id , cust_id , order_date , fin_code_id , region , sales_rep ) values ( 2365 , 196 , '1993-10-13' , 'r1' , 'Canada' , 667 ) ;
Insert into sales_order (id , cust_id , order_date , fin_code_id , region , sales_rep ) values ( 2366 , 116 , '1993-10-14' , 'r1' , 'Eastern' , 129 ) ;
Insert into sales_order (id , cust_id , order_date , fin_code_id , region , sales_rep ) values ( 2367 , 195 , '1993-10-15' , 'r1' , 'South' , 1142 ) ;
Insert into sales_order (id , cust_id , order_date , fin_code_id , region , sales_rep ) values ( 2368 , 117 , '1993-10-15' , 'r1' , 'Central' , 195 ) ;
Insert into sales_order (id , cust_id , order_date , fin_code_id , region , sales_rep ) values ( 2369 , 194 , '1993-10-16' , 'r1' , 'Eastern' , 690 ) ;
Insert into sales_order (id , cust_id , order_date , fin_code_id , region , sales_rep ) values ( 2370 , 118 , '1993-10-16' , 'r1' , 'South' , 1596 ) ;
Insert into sales_order (id , cust_id , order_date , fin_code_id , region , sales_rep ) values ( 2371 , 193 , '1993-10-19' , 'r1' , 'Central' , 299 ) ;
Insert into sales_order (id , cust_id , order_date , fin_code_id , region , sales_rep ) values ( 2372 , 119 , '1993-10-19' , 'r1' , 'Western' , 467 ) ;
Insert into sales_order (id , cust_id , order_date , fin_code_id , region , sales_rep ) values ( 2373 , 192 , '1993-10-20' , 'r1' , 'Central' , 949 ) ;
Insert into sales_order (id , cust_id , order_date , fin_code_id , region , sales_rep ) values ( 2374 , 120 , '1993-10-20' , 'r1' , 'Eastern' , 902 ) ;
Insert into sales_order (id , cust_id , order_date , fin_code_id , region , sales_rep ) values ( 2375 , 191 , '1993-10-21' , 'r1' , 'South' , 856 ) ;
Insert into sales_order (id , cust_id , order_date , fin_code_id , region , sales_rep ) values ( 2376 , 121 , '1993-10-21' , 'r1' , 'Central' , 299 ) ;
Insert into sales_order (id , cust_id , order_date , fin_code_id , region , sales_rep ) values ( 2377 , 190 , '1993-10-22' , 'r1' , 'Central' , 667 ) ;
Insert into sales_order (id , cust_id , order_date , fin_code_id , region , sales_rep ) values ( 2378 , 122 , '1993-10-22' , 'r1' , 'Eastern' , 129 ) ;
Insert into sales_order (id , cust_id , order_date , fin_code_id , region , sales_rep ) values ( 2379 , 189 , '1993-10-23' , 'r1' , 'Eastern' , 1142 ) ;
Insert into sales_order (id , cust_id , order_date , fin_code_id , region , sales_rep ) values ( 2380 , 123 , '1993-10-26' , 'r1' , 'Canada' , 195 ) ;
Insert into sales_order (id , cust_id , order_date , fin_code_id , region , sales_rep ) values ( 2381 , 188 , '1993-10-26' , 'r1' , 'Central' , 690 ) ;
Insert into sales_order (id , cust_id , order_date , fin_code_id , region , sales_rep ) values ( 2382 , 124 , '1993-10-27' , 'r1' , 'Eastern' , 1596 ) ;
Insert into sales_order (id , cust_id , order_date , fin_code_id , region , sales_rep ) values ( 2383 , 187 , '1993-10-27' , 'r1' , 'Central' , 299 ) ;
Insert into sales_order (id , cust_id , order_date , fin_code_id , region , sales_rep ) values ( 2384 , 125 , '1993-10-28' , 'r1' , 'Central' , 467 ) ;
Insert into sales_order (id , cust_id , order_date , fin_code_id , region , sales_rep ) values ( 2385 , 126 , '1993-10-29' , 'r1' , 'Western' , 949 ) ;
Insert into sales_order (id , cust_id , order_date , fin_code_id , region , sales_rep ) values ( 2386 , 185 , '1993-10-29' , 'r1' , 'Eastern' , 902 ) ;
Insert into sales_order (id , cust_id , order_date , fin_code_id , region , sales_rep ) values ( 2387 , 127 , '1993-10-30' , 'r1' , 'South' , 856 ) ;
Insert into sales_order (id , cust_id , order_date , fin_code_id , region , sales_rep ) values ( 2388 , 184 , '1993-10-30' , 'r1' , 'Central' , 299 ) ;
Insert into sales_order (id , cust_id , order_date , fin_code_id , region , sales_rep ) values ( 2389 , 101 , '1993-10-16' , 'r1' , 'Eastern' , 195 ) ;
Insert into sales_order (id , cust_id , order_date , fin_code_id , region , sales_rep ) values ( 2390 , 183 , '1993-11-02' , 'r1' , 'South' , 667 ) ;
Insert into sales_order (id , cust_id , order_date , fin_code_id , region , sales_rep ) values ( 2391 , 128 , '1993-11-02' , 'r1' , 'Eastern' , 129 ) ;
Insert into sales_order (id , cust_id , order_date , fin_code_id , region , sales_rep ) values ( 2392 , 182 , '1993-11-03' , 'r1' , 'Western' , 690 ) ;
Insert into sales_order (id , cust_id , order_date , fin_code_id , region , sales_rep ) values ( 2393 , 129 , '1993-11-03' , 'r1' , 'Eastern' , 1596 ) ;
Insert into sales_order (id , cust_id , order_date , fin_code_id , region , sales_rep ) values ( 2394 , 181 , '1993-11-04' , 'r1' , 'Eastern' , 299 ) ;
Insert into sales_order (id , cust_id , order_date , fin_code_id , region , sales_rep ) values ( 2395 , 130 , '1993-11-04' , 'r1' , 'Central' , 467 ) ;
Insert into sales_order (id , cust_id , order_date , fin_code_id , region , sales_rep ) values ( 2396 , 180 , '1993-11-05' , 'r1' , 'Eastern' , 949 ) ;
Insert into sales_order (id , cust_id , order_date , fin_code_id , region , sales_rep ) values ( 2397 , 131 , '1993-11-05' , 'r1' , 'Eastern' , 856 ) ;
Insert into sales_order (id , cust_id , order_date , fin_code_id , region , sales_rep ) values ( 2398 , 132 , '1993-11-06' , 'r1' , 'Central' , 299 ) ;
Insert into sales_order (id , cust_id , order_date , fin_code_id , region , sales_rep ) values ( 2399 , 178 , '1993-11-09' , 'r1' , 'Eastern' , 129 ) ;
Insert into sales_order (id , cust_id , order_date , fin_code_id , region , sales_rep ) values ( 2400 , 133 , '1993-11-09' , 'r1' , 'Western' , 1142 ) ;
Insert into sales_order (id , cust_id , order_date , fin_code_id , region , sales_rep ) values ( 2401 , 177 , '1993-11-10' , 'r1' , 'South' , 690 ) ;
Insert into sales_order (id , cust_id , order_date , fin_code_id , region , sales_rep ) values ( 2402 , 134 , '1993-11-10' , 'r1' , 'Central' , 1596 ) ;
Insert into sales_order (id , cust_id , order_date , fin_code_id , region , sales_rep ) values ( 2403 , 176 , '1993-11-11' , 'r1' , 'Eastern' , 299 ) ;
Insert into sales_order (id , cust_id , order_date , fin_code_id , region , sales_rep ) values ( 2404 , 135 , '1993-11-11' , 'r1' , 'Eastern' , 467 ) ;
Insert into sales_order (id , cust_id , order_date , fin_code_id , region , sales_rep ) values ( 2405 , 175 , '1993-11-12' , 'r1' , 'Canada' , 949 ) ;
Insert into sales_order (id , cust_id , order_date , fin_code_id , region , sales_rep ) values ( 2406 , 136 , '1993-11-12' , 'r1' , 'Central' , 856 ) ;
Insert into sales_order (id , cust_id , order_date , fin_code_id , region , sales_rep ) values ( 2407 , 174 , '1993-11-13' , 'r1' , 'Central' , 299 ) ;
Insert into sales_order (id , cust_id , order_date , fin_code_id , region , sales_rep ) values ( 2408 , 137 , '1993-11-13' , 'r1' , 'Central' , 667 ) ;
Insert into sales_order (id , cust_id , order_date , fin_code_id , region , sales_rep ) values ( 2409 , 173 , '1993-11-16' , 'r1' , 'Eastern' , 1142 ) ;
Insert into sales_order (id , cust_id , order_date , fin_code_id , region , sales_rep ) values ( 2410 , 138 , '1993-11-16' , 'r1' , 'Canada' , 129 ) ;
Insert into sales_order (id , cust_id , order_date , fin_code_id , region , sales_rep ) values ( 2411 , 172 , '1993-11-17' , 'r1' , 'Eastern' , 690 ) ;
Insert into sales_order (id , cust_id , order_date , fin_code_id , region , sales_rep ) values ( 2412 , 139 , '1993-11-18' , 'r1' , 'Eastern' , 1596 ) ;
Insert into sales_order (id , cust_id , order_date , fin_code_id , region , sales_rep ) values ( 2413 , 171 , '1993-11-18' , 'r1' , 'Central' , 299 ) ;
Insert into sales_order (id , cust_id , order_date , fin_code_id , region , sales_rep ) values ( 2414 , 140 , '1993-11-19' , 'r1' , 'Western' , 467 ) ;
Insert into sales_order (id , cust_id , order_date , fin_code_id , region , sales_rep ) values ( 2415 , 170 , '1993-11-19' , 'r1' , 'South' , 949 ) ;
Insert into sales_order (id , cust_id , order_date , fin_code_id , region , sales_rep ) values ( 2416 , 141 , '1993-11-19' , 'r1' , 'Central' , 667 ) ;
Insert into sales_order (id , cust_id , order_date , fin_code_id , region , sales_rep ) values ( 2417 , 169 , '1993-11-19' , 'r1' , 'South' , 856 ) ;
Insert into sales_order (id , cust_id , order_date , fin_code_id , region , sales_rep ) values ( 2418 , 142 , '1993-11-20' , 'r1' , 'Central' , 299 ) ;
Insert into sales_order (id , cust_id , order_date , fin_code_id , region , sales_rep ) values ( 2419 , 168 , '1993-11-20' , 'r1' , 'Western' , 856 ) ;
Insert into sales_order (id , cust_id , order_date , fin_code_id , region , sales_rep ) values ( 2420 , 143 , '1993-11-23' , 'r1' , 'Canada' , 667 ) ;
Insert into sales_order (id , cust_id , order_date , fin_code_id , region , sales_rep ) values ( 2421 , 167 , '1993-11-23' , 'r1' , 'Central' , 1142 ) ;
Insert into sales_order (id , cust_id , order_date , fin_code_id , region , sales_rep ) values ( 2422 , 144 , '1993-11-23' , 'r1' , 'Eastern' , 129 ) ;
Insert into sales_order (id , cust_id , order_date , fin_code_id , region , sales_rep ) values ( 2423 , 166 , '1993-11-24' , 'r1' , 'South' , 690 ) ;
Insert into sales_order (id , cust_id , order_date , fin_code_id , region , sales_rep ) values ( 2424 , 143 , '1993-11-24' , 'r1' , 'Canada' , 1596 ) ;
Insert into sales_order (id , cust_id , order_date , fin_code_id , region , sales_rep ) values ( 2425 , 165 , '1993-11-25' , 'r1' , 'Central' , 299 ) ;
Insert into sales_order (id , cust_id , order_date , fin_code_id , region , sales_rep ) values ( 2426 , 144 , '1993-11-25' , 'r1' , 'Eastern' , 467 ) ;
Insert into sales_order (id , cust_id , order_date , fin_code_id , region , sales_rep ) values ( 2427 , 164 , '1993-11-25' , 'r1' , 'Eastern' , 856 ) ;
Insert into sales_order (id , cust_id , order_date , fin_code_id , region , sales_rep ) values ( 2428 , 145 , '1993-11-30' , 'r1' , 'Eastern' , 299 ) ;
Insert into sales_order (id , cust_id , order_date , fin_code_id , region , sales_rep ) values ( 2429 , 163 , '1993-11-30' , 'r1' , 'Canada' , 667 ) ;
Insert into sales_order (id , cust_id , order_date , fin_code_id , region , sales_rep ) values ( 2430 , 146 , '1993-12-01' , 'r1' , 'Western' , 1142 ) ;
Insert into sales_order (id , cust_id , order_date , fin_code_id , region , sales_rep ) values ( 2431 , 162 , '1993-12-01' , 'r1' , 'Central' , 129 ) ;
Insert into sales_order (id , cust_id , order_date , fin_code_id , region , sales_rep ) values ( 2432 , 147 , '1993-12-02' , 'r1' , 'Eastern' , 690 ) ;
Insert into sales_order (id , cust_id , order_date , fin_code_id , region , sales_rep ) values ( 2433 , 161 , '1993-12-02' , 'r1' , 'Eastern' , 1596 ) ;
Insert into sales_order (id , cust_id , order_date , fin_code_id , region , sales_rep ) values ( 2434 , 148 , '1993-12-03' , 'r1' , 'Canada' , 299 ) ;
Insert into sales_order (id , cust_id , order_date , fin_code_id , region , sales_rep ) values ( 2435 , 160 , '1993-12-03' , 'r1' , 'Eastern' , 467 ) ;
Insert into sales_order (id , cust_id , order_date , fin_code_id , region , sales_rep ) values ( 2436 , 149 , '1993-12-04' , 'r1' , 'Canada' , 949 ) ;
Insert into sales_order (id , cust_id , order_date , fin_code_id , region , sales_rep ) values ( 2437 , 159 , '1993-12-04' , 'r1' , 'Central' , 299 ) ;
Insert into sales_order (id , cust_id , order_date , fin_code_id , region , sales_rep ) values ( 2438 , 150 , '1993-12-07' , 'r1' , 'Canada' , 856 ) ;
Insert into sales_order (id , cust_id , order_date , fin_code_id , region , sales_rep ) values ( 2439 , 158 , '1993-12-07' , 'r1' , 'Eastern' , 667 ) ;
Insert into sales_order (id , cust_id , order_date , fin_code_id , region , sales_rep ) values ( 2440 , 151 , '1993-12-08' , 'r1' , 'Central' , 1142 ) ;
Insert into sales_order (id , cust_id , order_date , fin_code_id , region , sales_rep ) values ( 2441 , 157 , '1993-12-08' , 'r1' , 'Central' , 129 ) ;
Insert into sales_order (id , cust_id , order_date , fin_code_id , region , sales_rep ) values ( 2442 , 152 , '1993-12-08' , 'r1' , 'Eastern' , 690 ) ;
Insert into sales_order (id , cust_id , order_date , fin_code_id , region , sales_rep ) values ( 2443 , 156 , '1993-12-09' , 'r1' , 'Central' , 1596 ) ;
Insert into sales_order (id , cust_id , order_date , fin_code_id , region , sales_rep ) values ( 2444 , 153 , '1993-12-09' , 'r1' , 'Central' , 299 ) ;
Insert into sales_order (id , cust_id , order_date , fin_code_id , region , sales_rep ) values ( 2445 , 155 , '1993-12-10' , 'r1' , 'Central' , 467 ) ;
Insert into sales_order (id , cust_id , order_date , fin_code_id , region , sales_rep ) values ( 2446 , 154 , '1993-12-10' , 'r1' , 'South' , 949 ) ;
Insert into sales_order (id , cust_id , order_date , fin_code_id , region , sales_rep ) values ( 2447 , 101 , '1993-12-11' , 'r1' , 'Eastern' , 856 ) ;
Insert into sales_order (id , cust_id , order_date , fin_code_id , region , sales_rep ) values ( 2448 , 209 , '1993-12-11' , 'r1' , 'Western' , 299 ) ;
Insert into sales_order (id , cust_id , order_date , fin_code_id , region , sales_rep ) values ( 2449 , 102 , '1993-12-14' , 'r1' , 'Eastern' , 667 ) ;
Insert into sales_order (id , cust_id , order_date , fin_code_id , region , sales_rep ) values ( 2450 , 208 , '1993-12-14' , 'r1' , 'Eastern' , 1142 ) ;
Insert into sales_order (id , cust_id , order_date , fin_code_id , region , sales_rep ) values ( 2451 , 103 , '1993-12-15' , 'r1' , 'Eastern' , 129 ) ;
Insert into sales_order (id , cust_id , order_date , fin_code_id , region , sales_rep ) values ( 2452 , 104 , '1993-12-15' , 'r1' , 'South' , 690 ) ;
Insert into sales_order (id , cust_id , order_date , fin_code_id , region , sales_rep ) values ( 2453 , 206 , '1993-12-16' , 'r1' , 'Eastern' , 1596 ) ;
Insert into sales_order (id , cust_id , order_date , fin_code_id , region , sales_rep ) values ( 2454 , 105 , '1993-12-16' , 'r1' , 'Central' , 299 ) ;
Insert into sales_order (id , cust_id , order_date , fin_code_id , region , sales_rep ) values ( 2455 , 205 , '1993-12-17' , 'r1' , 'Eastern' , 467 ) ;
Insert into sales_order (id , cust_id , order_date , fin_code_id , region , sales_rep ) values ( 2456 , 106 , '1993-12-17' , 'r1' , 'Eastern' , 949 ) ;
Insert into sales_order (id , cust_id , order_date , fin_code_id , region , sales_rep ) values ( 2457 , 204 , '1993-12-17' , 'r1' , 'Central' , 856 ) ;
Insert into sales_order (id , cust_id , order_date , fin_code_id , region , sales_rep ) values ( 2458 , 107 , '1993-12-18' , 'r1' , 'South' , 299 ) ;
Insert into sales_order (id , cust_id , order_date , fin_code_id , region , sales_rep ) values ( 2459 , 203 , '1993-12-21' , 'r1' , 'Central' , 667 ) ;
Insert into sales_order (id , cust_id , order_date , fin_code_id , region , sales_rep ) values ( 2460 , 108 , '1993-12-21' , 'r1' , 'South' , 1142 ) ;
Insert into sales_order (id , cust_id , order_date , fin_code_id , region , sales_rep ) values ( 2461 , 202 , '1993-12-22' , 'r1' , 'Eastern' , 129 ) ;
Insert into sales_order (id , cust_id , order_date , fin_code_id , region , sales_rep ) values ( 2462 , 109 , '1993-12-22' , 'r1' , 'Canada' , 299 ) ;
Insert into sales_order (id , cust_id , order_date , fin_code_id , region , sales_rep ) values ( 2463 , 200 , '1993-12-24' , 'r1' , 'Eastern' , 1596 ) ;
Insert into sales_order (id , cust_id , order_date , fin_code_id , region , sales_rep ) values ( 2464 , 110 , '1993-12-23' , 'r1' , 'Central' , 299 ) ;
Insert into sales_order (id , cust_id , order_date , fin_code_id , region , sales_rep ) values ( 2465 , 199 , '1993-12-28' , 'r1' , 'Eastern' , 856 ) ;
Insert into sales_order (id , cust_id , order_date , fin_code_id , region , sales_rep ) values ( 2466 , 112 , '1993-12-29' , 'r1' , 'Central' , 299 ) ;
Insert into sales_order (id , cust_id , order_date , fin_code_id , region , sales_rep ) values ( 2467 , 198 , '1993-12-29' , 'r1' , 'Western' , 667 ) ;
Insert into sales_order (id , cust_id , order_date , fin_code_id , region , sales_rep ) values ( 2468 , 113 , '1993-12-30' , 'r1' , 'Central' , 1142 ) ;
Insert into sales_order (id , cust_id , order_date , fin_code_id , region , sales_rep ) values ( 2469 , 197 , '1993-12-30' , 'r1' , 'South' , 129 ) ;
Insert into sales_order (id , cust_id , order_date , fin_code_id , region , sales_rep ) values ( 2470 , 114 , '1993-12-31' , 'r1' , 'Central' , 690 ) ;
Insert into sales_order (id , cust_id , order_date , fin_code_id , region , sales_rep ) values ( 2471 , 196 , '1993-12-31' , 'r1' , 'Canada' , 1596 ) ;
Insert into sales_order (id , cust_id , order_date , fin_code_id , region , sales_rep ) values ( 2472 , 115 , '1993-12-31' , 'r1' , 'Central' , 856 ) ;
Insert into sales_order (id , cust_id , order_date , fin_code_id , region , sales_rep ) values ( 2473 , 195 , '1994-01-04' , 'r1' , 'South' , 299 ) ;
Insert into sales_order (id , cust_id , order_date , fin_code_id , region , sales_rep ) values ( 2474 , 116 , '1994-01-04' , 'r1' , 'Eastern' , 467 ) ;
Insert into sales_order (id , cust_id , order_date , fin_code_id , region , sales_rep ) values ( 2475 , 194 , '1994-01-05' , 'r1' , 'Eastern' , 949 ) ;
Insert into sales_order (id , cust_id , order_date , fin_code_id , region , sales_rep ) values ( 2476 , 117 , '1994-01-06' , 'r1' , 'Central' , 299 ) ;
Insert into sales_order (id , cust_id , order_date , fin_code_id , region , sales_rep ) values ( 2477 , 193 , '1994-01-06' , 'r1' , 'Central' , 467 ) ;
Insert into sales_order (id , cust_id , order_date , fin_code_id , region , sales_rep ) values ( 2478 , 118 , '1994-01-07' , 'r1' , 'South' , 949 ) ;
Insert into sales_order (id , cust_id , order_date , fin_code_id , region , sales_rep ) values ( 2479 , 192 , '1994-01-07' , 'r1' , 'Central' , 856 ) ;
Insert into sales_order (id , cust_id , order_date , fin_code_id , region , sales_rep ) values ( 2480 , 119 , '1994-01-08' , 'r1' , 'Western' , 299 ) ;
Insert into sales_order (id , cust_id , order_date , fin_code_id , region , sales_rep ) values ( 2481 , 191 , '1994-01-08' , 'r1' , 'South' , 667 ) ;
Insert into sales_order (id , cust_id , order_date , fin_code_id , region , sales_rep ) values ( 2482 , 120 , '1994-01-11' , 'r1' , 'Eastern' , 1142 ) ;
Insert into sales_order (id , cust_id , order_date , fin_code_id , region , sales_rep ) values ( 2483 , 190 , '1994-01-11' , 'r1' , 'Central' , 129 ) ;
Insert into sales_order (id , cust_id , order_date , fin_code_id , region , sales_rep ) values ( 2484 , 121 , '1994-01-13' , 'r1' , 'Central' , 129 ) ;
Insert into sales_order (id , cust_id , order_date , fin_code_id , region , sales_rep ) values ( 2485 , 189 , '1994-01-13' , 'r1' , 'Eastern' , 1142 ) ;
Insert into sales_order (id , cust_id , order_date , fin_code_id , region , sales_rep ) values ( 2486 , 122 , '1994-01-14' , 'r1' , 'Eastern' , 690 ) ;
Insert into sales_order (id , cust_id , order_date , fin_code_id , region , sales_rep ) values ( 2487 , 188 , '1994-01-14' , 'r1' , 'Central' , 1596 ) ;
Insert into sales_order (id , cust_id , order_date , fin_code_id , region , sales_rep ) values ( 2488 , 123 , '1994-01-15' , 'r1' , 'Canada' , 299 ) ;
Insert into sales_order (id , cust_id , order_date , fin_code_id , region , sales_rep ) values ( 2489 , 187 , '1994-01-15' , 'r1' , 'Central' , 467 ) ;
Insert into sales_order (id , cust_id , order_date , fin_code_id , region , sales_rep ) values ( 2490 , 124 , '1994-01-18' , 'r1' , 'Eastern' , 949 ) ;
Insert into sales_order (id , cust_id , order_date , fin_code_id , region , sales_rep ) values ( 2491 , 186 , '1994-01-18' , 'r1' , 'Central' , 856 ) ;
Insert into sales_order (id , cust_id , order_date , fin_code_id , region , sales_rep ) values ( 2492 , 125 , '1994-01-19' , 'r1' , 'Central' , 299 ) ;
Insert into sales_order (id , cust_id , order_date , fin_code_id , region , sales_rep ) values ( 2493 , 185 , '1994-01-20' , 'r1' , 'Eastern' , 667 ) ;
Insert into sales_order (id , cust_id , order_date , fin_code_id , region , sales_rep ) values ( 2494 , 126 , '1994-01-20' , 'r1' , 'Western' , 1142 ) ;
Insert into sales_order (id , cust_id , order_date , fin_code_id , region , sales_rep ) values ( 2495 , 184 , '1994-01-21' , 'r1' , 'Central' , 129 ) ;
Insert into sales_order (id , cust_id , order_date , fin_code_id , region , sales_rep ) values ( 2496 , 127 , '1994-01-22' , 'r1' , 'South' , 690 ) ;
Insert into sales_order (id , cust_id , order_date , fin_code_id , region , sales_rep ) values ( 2497 , 183 , '1994-01-22' , 'r1' , 'South' , 1596 ) ;
Insert into sales_order (id , cust_id , order_date , fin_code_id , region , sales_rep ) values ( 2498 , 128 , '1994-01-25' , 'r1' , 'Eastern' , 299 ) ;
Insert into sales_order (id , cust_id , order_date , fin_code_id , region , sales_rep ) values ( 2499 , 182 , '1994-01-25' , 'r1' , 'Western' , 467 ) ;
Insert into sales_order (id , cust_id , order_date , fin_code_id , region , sales_rep ) values ( 2500 , 129 , '1994-01-26' , 'r1' , 'Eastern' , 949 ) ;
Insert into sales_order (id , cust_id , order_date , fin_code_id , region , sales_rep ) values ( 2501 , 181 , '1994-01-26' , 'r1' , 'Eastern' , 856 ) ;
Insert into sales_order (id , cust_id , order_date , fin_code_id , region , sales_rep ) values ( 2502 , 130 , '1994-01-27' , 'r1' , 'Central' , 299 ) ;
Insert into sales_order (id , cust_id , order_date , fin_code_id , region , sales_rep ) values ( 2503 , 180 , '1994-01-27' , 'r1' , 'Eastern' , 667 ) ;
Insert into sales_order (id , cust_id , order_date , fin_code_id , region , sales_rep ) values ( 2504 , 131 , '1994-01-28' , 'r1' , 'Eastern' , 1142 ) ;
Insert into sales_order (id , cust_id , order_date , fin_code_id , region , sales_rep ) values ( 2505 , 179 , '1994-01-28' , 'r1' , 'South' , 129 ) ;
Insert into sales_order (id , cust_id , order_date , fin_code_id , region , sales_rep ) values ( 2506 , 132 , '1994-01-29' , 'r1' , 'Central' , 129 ) ;
Insert into sales_order (id , cust_id , order_date , fin_code_id , region , sales_rep ) values ( 2507 , 178 , '1994-01-29' , 'r1' , 'Eastern' , 690 ) ;
Insert into sales_order (id , cust_id , order_date , fin_code_id , region , sales_rep ) values ( 2508 , 133 , '1994-02-01' , 'r1' , 'Western' , 195 ) ;
Insert into sales_order (id , cust_id , order_date , fin_code_id , region , sales_rep ) values ( 2509 , 177 , '1994-02-02' , 'r1' , 'South' , 1596 ) ;
Insert into sales_order (id , cust_id , order_date , fin_code_id , region , sales_rep ) values ( 2510 , 134 , '1994-02-03' , 'r1' , 'Central' , 949 ) ;
Insert into sales_order (id , cust_id , order_date , fin_code_id , region , sales_rep ) values ( 2511 , 176 , '1994-02-04' , 'r1' , 'Eastern' , 856 ) ;
Insert into sales_order (id , cust_id , order_date , fin_code_id , region , sales_rep ) values ( 2512 , 135 , '1994-02-04' , 'r1' , 'Eastern' , 195 ) ;
Insert into sales_order (id , cust_id , order_date , fin_code_id , region , sales_rep ) values ( 2513 , 175 , '1994-02-05' , 'r1' , 'Canada' , 299 ) ;
Insert into sales_order (id , cust_id , order_date , fin_code_id , region , sales_rep ) values ( 2514 , 136 , '1994-02-08' , 'r1' , 'Central' , 667 ) ;
Insert into sales_order (id , cust_id , order_date , fin_code_id , region , sales_rep ) values ( 2515 , 174 , '1994-02-08' , 'r1' , 'Central' , 195 ) ;
Insert into sales_order (id , cust_id , order_date , fin_code_id , region , sales_rep ) values ( 2516 , 137 , '1994-02-09' , 'r1' , 'Central' , 1142 ) ;
Insert into sales_order (id , cust_id , order_date , fin_code_id , region , sales_rep ) values ( 2517 , 173 , '1994-02-09' , 'r1' , 'Eastern' , 129 ) ;
Insert into sales_order (id , cust_id , order_date , fin_code_id , region , sales_rep ) values ( 2518 , 138 , '1994-02-10' , 'r1' , 'Canada' , 195 ) ;
Insert into sales_order (id , cust_id , order_date , fin_code_id , region , sales_rep ) values ( 2519 , 172 , '1994-02-10' , 'r1' , 'Eastern' , 690 ) ;
Insert into sales_order (id , cust_id , order_date , fin_code_id , region , sales_rep ) values ( 2520 , 139 , '1994-02-11' , 'r1' , 'Eastern' , 1596 ) ;
Insert into sales_order (id , cust_id , order_date , fin_code_id , region , sales_rep ) values ( 2521 , 171 , '1994-02-11' , 'r1' , 'Central' , 299 ) ;
Insert into sales_order (id , cust_id , order_date , fin_code_id , region , sales_rep ) values ( 2522 , 140 , '1994-02-11' , 'r1' , 'Western' , 195 ) ;
Insert into sales_order (id , cust_id , order_date , fin_code_id , region , sales_rep ) values ( 2523 , 170 , '1994-02-15' , 'r1' , 'South' , 129 ) ;
Insert into sales_order (id , cust_id , order_date , fin_code_id , region , sales_rep ) values ( 2524 , 133 , '1994-02-16' , 'r1' , 'Western' , 299 ) ;
Insert into sales_order (id , cust_id , order_date , fin_code_id , region , sales_rep ) values ( 2525 , 169 , '1994-02-17' , 'r1' , 'South' , 949 ) ;
Insert into sales_order (id , cust_id , order_date , fin_code_id , region , sales_rep ) values ( 2526 , 134 , '1994-02-18' , 'r1' , 'Central' , 467 ) ;
Insert into sales_order (id , cust_id , order_date , fin_code_id , region , sales_rep ) values ( 2527 , 168 , '1994-02-18' , 'r1' , 'Western' , 949 ) ;
Insert into sales_order (id , cust_id , order_date , fin_code_id , region , sales_rep ) values ( 2528 , 135 , '1994-02-19' , 'r1' , 'Eastern' , 195 ) ;
Insert into sales_order (id , cust_id , order_date , fin_code_id , region , sales_rep ) values ( 2529 , 167 , '1994-02-22' , 'r1' , 'Central' , 856 ) ;
Insert into sales_order (id , cust_id , order_date , fin_code_id , region , sales_rep ) values ( 2530 , 136 , '1994-02-22' , 'r1' , 'Central' , 299 ) ;
Insert into sales_order (id , cust_id , order_date , fin_code_id , region , sales_rep ) values ( 2531 , 166 , '1994-02-23' , 'r1' , 'South' , 667 ) ;
Insert into sales_order (id , cust_id , order_date , fin_code_id , region , sales_rep ) values ( 2532 , 137 , '1994-02-23' , 'r1' , 'Central' , 129 ) ;
Insert into sales_order (id , cust_id , order_date , fin_code_id , region , sales_rep ) values ( 2533 , 165 , '1994-02-24' , 'r1' , 'Central' , 1142 ) ;
Insert into sales_order (id , cust_id , order_date , fin_code_id , region , sales_rep ) values ( 2534 , 138 , '1994-02-24' , 'r1' , 'Canada' , 690 ) ;
Insert into sales_order (id , cust_id , order_date , fin_code_id , region , sales_rep ) values ( 2535 , 164 , '1994-02-25' , 'r1' , 'Eastern' , 1596 ) ;
Insert into sales_order (id , cust_id , order_date , fin_code_id , region , sales_rep ) values ( 2536 , 139 , '1994-02-25' , 'r1' , 'Eastern' , 195 ) ;
Insert into sales_order (id , cust_id , order_date , fin_code_id , region , sales_rep ) values ( 2537 , 163 , '1994-02-26' , 'r1' , 'Canada' , 902 ) ;
Insert into sales_order (id , cust_id , order_date , fin_code_id , region , sales_rep ) values ( 2538 , 142 , '1994-03-01' , 'r1' , 'Central' , 299 ) ;
Insert into sales_order (id , cust_id , order_date , fin_code_id , region , sales_rep ) values ( 2539 , 162 , '1994-03-01' , 'r1' , 'Central' , 467 ) ;
Insert into sales_order (id , cust_id , order_date , fin_code_id , region , sales_rep ) values ( 2540 , 143 , '1994-03-02' , 'r1' , 'Canada' , 949 ) ;
Insert into sales_order (id , cust_id , order_date , fin_code_id , region , sales_rep ) values ( 2541 , 161 , '1994-03-02' , 'r1' , 'Eastern' , 902 ) ;
Insert into sales_order (id , cust_id , order_date , fin_code_id , region , sales_rep ) values ( 2542 , 160 , '1994-03-03' , 'r1' , 'Eastern' , 902 ) ;
Insert into sales_order (id , cust_id , order_date , fin_code_id , region , sales_rep ) values ( 2543 , 144 , '1994-03-03' , 'r1' , 'Eastern' , 856 ) ;
Insert into sales_order (id , cust_id , order_date , fin_code_id , region , sales_rep ) values ( 2544 , 159 , '1994-03-04' , 'r1' , 'Central' , 299 ) ;
Insert into sales_order (id , cust_id , order_date , fin_code_id , region , sales_rep ) values ( 2545 , 145 , '1994-03-04' , 'r1' , 'Eastern' , 667 ) ;
Insert into sales_order (id , cust_id , order_date , fin_code_id , region , sales_rep ) values ( 2546 , 158 , '1994-03-05' , 'r1' , 'Eastern' , 902 ) ;
Insert into sales_order (id , cust_id , order_date , fin_code_id , region , sales_rep ) values ( 2547 , 146 , '1994-03-05' , 'r1' , 'Western' , 1142 ) ;
Insert into sales_order (id , cust_id , order_date , fin_code_id , region , sales_rep ) values ( 2548 , 157 , '1994-03-05' , 'r1' , 'Central' , 129 ) ;
Insert into sales_order (id , cust_id , order_date , fin_code_id , region , sales_rep ) values ( 2549 , 147 , '1994-03-08' , 'r1' , 'Eastern' , 195 ) ;
Insert into sales_order (id , cust_id , order_date , fin_code_id , region , sales_rep ) values ( 2550 , 156 , '1994-03-08' , 'r1' , 'Central' , 690 ) ;
Insert into sales_order (id , cust_id , order_date , fin_code_id , region , sales_rep ) values ( 2551 , 148 , '1994-03-09' , 'r1' , 'Canada' , 1596 ) ;
Insert into sales_order (id , cust_id , order_date , fin_code_id , region , sales_rep ) values ( 2552 , 155 , '1994-03-10' , 'r1' , 'Central' , 299 ) ;
Insert into sales_order (id , cust_id , order_date , fin_code_id , region , sales_rep ) values ( 2553 , 148 , '1994-03-10' , 'r1' , 'Canada' , 467 ) ;
Insert into sales_order (id , cust_id , order_date , fin_code_id , region , sales_rep ) values ( 2554 , 154 , '1994-03-11' , 'r1' , 'South' , 949 ) ;
Insert into sales_order (id , cust_id , order_date , fin_code_id , region , sales_rep ) values ( 2555 , 149 , '1994-03-11' , 'r1' , 'Canada' , 902 ) ;
Insert into sales_order (id , cust_id , order_date , fin_code_id , region , sales_rep ) values ( 2556 , 153 , '1994-03-11' , 'r1' , 'Central' , 856 ) ;
Insert into sales_order (id , cust_id , order_date , fin_code_id , region , sales_rep ) values ( 2557 , 150 , '1994-03-12' , 'r1' , 'Canada' , 299 ) ;
Insert into sales_order (id , cust_id , order_date , fin_code_id , region , sales_rep ) values ( 2558 , 152 , '1994-03-12' , 'r1' , 'Eastern' , 667 ) ;
Insert into sales_order (id , cust_id , order_date , fin_code_id , region , sales_rep ) values ( 2559 , 151 , '1994-03-15' , 'r1' , 'Central' , 1142 ) ;
Insert into sales_order (id , cust_id , order_date , fin_code_id , region , sales_rep ) values ( 2560 , 101 , '1994-03-16' , 'r1' , 'Eastern' , 129 ) ;
Insert into sales_order (id , cust_id , order_date , fin_code_id , region , sales_rep ) values ( 2561 , 209 , '1994-03-16' , 'r1' , 'Western' , 195 ) ;
Insert into sales_order (id , cust_id , order_date , fin_code_id , region , sales_rep ) values ( 2562 , 102 , '1994-03-17' , 'r1' , 'Eastern' , 690 ) ;
Insert into sales_order (id , cust_id , order_date , fin_code_id , region , sales_rep ) values ( 2563 , 208 , '1994-03-17' , 'r1' , 'Eastern' , 1596 ) ;
Insert into sales_order (id , cust_id , order_date , fin_code_id , region , sales_rep ) values ( 2564 , 103 , '1994-03-18' , 'r1' , 'Eastern' , 299 ) ;
Insert into sales_order (id , cust_id , order_date , fin_code_id , region , sales_rep ) values ( 2565 , 207 , '1994-03-18' , 'r1' , 'Central' , 467 ) ;
Insert into sales_order (id , cust_id , order_date , fin_code_id , region , sales_rep ) values ( 2566 , 104 , '1994-03-22' , 'r1' , 'South' , 949 ) ;
Insert into sales_order (id , cust_id , order_date , fin_code_id , region , sales_rep ) values ( 2567 , 206 , '1994-03-22' , 'r1' , 'Eastern' , 902 ) ;
Insert into sales_order (id , cust_id , order_date , fin_code_id , region , sales_rep ) values ( 2568 , 105 , '1994-03-23' , 'r1' , 'Central' , 856 ) ;
Insert into sales_order (id , cust_id , order_date , fin_code_id , region , sales_rep ) values ( 2569 , 205 , '1994-03-23' , 'r1' , 'Eastern' , 299 ) ;
Insert into sales_order (id , cust_id , order_date , fin_code_id , region , sales_rep ) values ( 2570 , 106 , '1994-03-24' , 'r1' , 'Eastern' , 667 ) ;
Insert into sales_order (id , cust_id , order_date , fin_code_id , region , sales_rep ) values ( 2571 , 204 , '1994-03-24' , 'r1' , 'Central' , 129 ) ;
Insert into sales_order (id , cust_id , order_date , fin_code_id , region , sales_rep ) values ( 2572 , 107 , '1994-03-24' , 'r1' , 'South' , 1142 ) ;
Insert into sales_order (id , cust_id , order_date , fin_code_id , region , sales_rep ) values ( 2573 , 203 , '1994-03-25' , 'r1' , 'Central' , 195 ) ;
Insert into sales_order (id , cust_id , order_date , fin_code_id , region , sales_rep ) values ( 2574 , 108 , '1994-03-25' , 'r1' , 'South' , 690 ) ;
Insert into sales_order (id , cust_id , order_date , fin_code_id , region , sales_rep ) values ( 2575 , 202 , '1994-03-26' , 'r1' , 'Eastern' , 299 ) ;
Insert into sales_order (id , cust_id , order_date , fin_code_id , region , sales_rep ) values ( 2576 , 109 , '1994-03-26' , 'r1' , 'Canada' , 667 ) ;
Insert into sales_order (id , cust_id , order_date , fin_code_id , region , sales_rep ) values ( 2577 , 201 , '1994-03-29' , 'r1' , 'Central' , 129 ) ;
Insert into sales_order (id , cust_id , order_date , fin_code_id , region , sales_rep ) values ( 2578 , 110 , '1994-03-29' , 'r1' , 'Central' , 1142 ) ;
Insert into sales_order (id , cust_id , order_date , fin_code_id , region , sales_rep ) values ( 2579 , 133 , '1994-03-31' , 'r1' , 'Western' , 195 ) ;
Insert into sales_order (id , cust_id , order_date , fin_code_id , region , sales_rep ) values ( 2580 , 200 , '1994-03-30' , 'r1' , 'Eastern' , 195 ) ;
Insert into sales_order (id , cust_id , order_date , fin_code_id , region , sales_rep ) values ( 2581 , 111 , '1994-03-31' , 'r1' , 'Eastern' , 690 ) ;
Insert into sales_order (id , cust_id , order_date , fin_code_id , region , sales_rep ) values ( 2582 , 209 , '1993-04-01' , 'r1' , 'Western' , 299 ) ;
Insert into sales_order (id , cust_id , order_date , fin_code_id , region , sales_rep ) values ( 2583 , 101 , '1994-04-05' , 'r1' , 'Eastern' , 902 ) ;
Insert into sales_order (id , cust_id , order_date , fin_code_id , region , sales_rep ) values ( 2584 , 208 , '1994-04-06' , 'r1' , 'Eastern' , 467 ) ;
Insert into sales_order (id , cust_id , order_date , fin_code_id , region , sales_rep ) values ( 2585 , 102 , '1994-04-08' , 'r1' , 'Eastern' , 467 ) ;
Insert into sales_order (id , cust_id , order_date , fin_code_id , region , sales_rep ) values ( 2586 , 207 , '1994-04-09' , 'r1' , 'Central' , 949 ) ;
Insert into sales_order (id , cust_id , order_date , fin_code_id , region , sales_rep ) values ( 2587 , 103 , '1994-04-12' , 'r1' , 'Eastern' , 902 ) ;
Insert into sales_order (id , cust_id , order_date , fin_code_id , region , sales_rep ) values ( 2588 , 206 , '1994-04-13' , 'r1' , 'Eastern' , 195 ) ;
Insert into sales_order (id , cust_id , order_date , fin_code_id , region , sales_rep ) values ( 2589 , 104 , '1994-04-13' , 'r1' , 'South' , 1142 ) ;
Insert into sales_order (id , cust_id , order_date , fin_code_id , region , sales_rep ) values ( 2590 , 205 , '1994-04-14' , 'r1' , 'Eastern' , 129 ) ;
Insert into sales_order (id , cust_id , order_date , fin_code_id , region , sales_rep ) values ( 2591 , 105 , '1994-04-14' , 'r1' , 'Central' , 195 ) ;
Insert into sales_order (id , cust_id , order_date , fin_code_id , region , sales_rep ) values ( 2592 , 204 , '1994-04-14' , 'r1' , 'Central' , 690 ) ;
Insert into sales_order (id , cust_id , order_date , fin_code_id , region , sales_rep ) values ( 2593 , 106 , '1994-04-16' , 'r1' , 'Eastern' , 1596 ) ;
Insert into sales_order (id , cust_id , order_date , fin_code_id , region , sales_rep ) values ( 2594 , 203 , '1994-04-16' , 'r1' , 'Central' , 299 ) ;
Insert into sales_order (id , cust_id , order_date , fin_code_id , region , sales_rep ) values ( 2595 , 107 , '1994-04-16' , 'r1' , 'South' , 467 ) ;
Insert into sales_order (id , cust_id , order_date , fin_code_id , region , sales_rep ) values ( 2596 , 202 , '1994-04-19' , 'r1' , 'Eastern' , 949 ) ;
Insert into sales_order (id , cust_id , order_date , fin_code_id , region , sales_rep ) values ( 2597 , 108 , '1994-04-19' , 'r1' , 'South' , 902 ) ;
Insert into sales_order (id , cust_id , order_date , fin_code_id , region , sales_rep ) values ( 2598 , 201 , '1994-04-20' , 'r1' , 'Central' , 856 ) ;
Insert into sales_order (id , cust_id , order_date , fin_code_id , region , sales_rep ) values ( 2599 , 109 , '1994-04-20' , 'r1' , 'Canada' , 299 ) ;
Insert into sales_order (id , cust_id , order_date , fin_code_id , region , sales_rep ) values ( 2600 , 200 , '1994-04-20' , 'r1' , 'Eastern' , 667 ) ;
Insert into sales_order (id , cust_id , order_date , fin_code_id , region , sales_rep ) values ( 2601 , 110 , '1994-04-21' , 'r1' , 'Central' , 1142 ) ;
Insert into sales_order (id , cust_id , order_date , fin_code_id , region , sales_rep ) values ( 2602 , 199 , '1994-04-21' , 'r1' , 'Eastern' , 129 ) ;
Insert into sales_order (id , cust_id , order_date , fin_code_id , region , sales_rep ) values ( 2603 , 111 , '1994-04-22' , 'r1' , 'Eastern' , 690 ) ;
Insert into sales_order (id , cust_id , order_date , fin_code_id , region , sales_rep ) values ( 2604 , 198 , '1994-04-23' , 'r1' , 'Western' , 1596 ) ;
Insert into sales_order (id , cust_id , order_date , fin_code_id , region , sales_rep ) values ( 2605 , 112 , '1994-04-23' , 'r1' , 'Central' , 299 ) ;
Insert into sales_order (id , cust_id , order_date , fin_code_id , region , sales_rep ) values ( 2606 , 197 , '1994-04-26' , 'r1' , 'South' , 467 ) ;
Insert into sales_order (id , cust_id , order_date , fin_code_id , region , sales_rep ) values ( 2607 , 113 , '1994-04-26' , 'r1' , 'Central' , 949 ) ;
Insert into sales_order (id , cust_id , order_date , fin_code_id , region , sales_rep ) values ( 2608 , 196 , '1994-04-26' , 'r1' , 'Canada' , 902 ) ;
Insert into sales_order (id , cust_id , order_date , fin_code_id , region , sales_rep ) values ( 2609 , 114 , '1994-04-27' , 'r1' , 'Central' , 856 ) ;
Insert into sales_order (id , cust_id , order_date , fin_code_id , region , sales_rep ) values ( 2610 , 195 , '1994-04-27' , 'r1' , 'South' , 299 ) ;
Insert into sales_order (id , cust_id , order_date , fin_code_id , region , sales_rep ) values ( 2611 , 115 , '1994-04-28' , 'r1' , 'Central' , 667 ) ;
Insert into sales_order (id , cust_id , order_date , fin_code_id , region , sales_rep ) values ( 2612 , 194 , '1994-04-28' , 'r1' , 'Eastern' , 129 ) ;
Insert into sales_order (id , cust_id , order_date , fin_code_id , region , sales_rep ) values ( 2613 , 116 , '1994-04-29' , 'r1' , 'Eastern' , 1142 ) ;
Insert into sales_order (id , cust_id , order_date , fin_code_id , region , sales_rep ) values ( 2614 , 193 , '1994-04-29' , 'r1' , 'Central' , 690 ) ;
Insert into sales_order (id , cust_id , order_date , fin_code_id , region , sales_rep ) values ( 2615 , 117 , '1994-04-29' , 'r1' , 'Central' , 1596 ) ;
Insert into sales_order (id , cust_id , order_date , fin_code_id , region , sales_rep ) values ( 2616 , 192 , '1994-04-30' , 'r1' , 'Central' , 299 ) ;
Insert into sales_order (id , cust_id , order_date , fin_code_id , region , sales_rep ) values ( 2617 , 118 , '1994-05-04' , 'r1' , 'South' , 467 ) ;
Insert into sales_order (id , cust_id , order_date , fin_code_id , region , sales_rep ) values ( 2618 , 191 , '1994-05-04' , 'r1' , 'South' , 902 ) ;
Insert into sales_order (id , cust_id , order_date , fin_code_id , region , sales_rep ) values ( 2619 , 119 , '1994-05-05' , 'r1' , 'Western' , 856 ) ;
Insert into sales_order (id , cust_id , order_date , fin_code_id , region , sales_rep ) values ( 2620 , 190 , '1994-05-05' , 'r1' , 'Central' , 299 ) ;
Insert into sales_order (id , cust_id , order_date , fin_code_id , region , sales_rep ) values ( 2621 , 120 , '1994-05-06' , 'r1' , 'Eastern' , 667 ) ;
Insert into sales_order (id , cust_id , order_date , fin_code_id , region , sales_rep ) values ( 2622 , 189 , '1994-05-06' , 'r1' , 'Eastern' , 1142 ) ;
Insert into sales_order (id , cust_id , order_date , fin_code_id , region , sales_rep ) values ( 2623 , 121 , '1994-05-07' , 'r1' , 'Central' , 129 ) ;
Insert into sales_order (id , cust_id , order_date , fin_code_id , region , sales_rep ) values ( 2624 , 188 , '1994-05-07' , 'r1' , 'Central' , 195 ) ;
Insert into sales_order (id , cust_id , order_date , fin_code_id , region , sales_rep ) values ( 2625 , 122 , '1994-05-10' , 'r1' , 'Eastern' , 690 ) ;
Insert into sales_order (id , cust_id , order_date , fin_code_id , region , sales_rep ) values ( 2626 , 187 , '1994-05-10' , 'r1' , 'Central' , 1596 ) ;
Insert into sales_order (id , cust_id , order_date , fin_code_id , region , sales_rep ) values ( 2627 , 123 , '1994-05-11' , 'r1' , 'Canada' , 299 ) ;
Insert into sales_order (id , cust_id , order_date , fin_code_id , region , sales_rep ) values ( 2628 , 186 , '1994-05-11' , 'r1' , 'Central' , 467 ) ;
Insert into sales_order (id , cust_id , order_date , fin_code_id , region , sales_rep ) values ( 2629 , 124 , '1994-05-12' , 'r1' , 'Eastern' , 949 ) ;
Insert into sales_order (id , cust_id , order_date , fin_code_id , region , sales_rep ) values ( 2630 , 185 , '1994-05-12' , 'r1' , 'Eastern' , 902 ) ;
Insert into sales_order (id , cust_id , order_date , fin_code_id , region , sales_rep ) values ( 2631 , 125 , '1994-05-13' , 'r1' , 'Central' , 856 ) ;
Insert into sales_order (id , cust_id , order_date , fin_code_id , region , sales_rep ) values ( 2632 , 184 , '1994-05-13' , 'r1' , 'Central' , 299 ) ;
Insert into sales_order (id , cust_id , order_date , fin_code_id , region , sales_rep ) values ( 2633 , 126 , '1994-05-14' , 'r1' , 'Western' , 667 ) ;
Insert into sales_order (id , cust_id , order_date , fin_code_id , region , sales_rep ) values ( 2634 , 183 , '1994-05-14' , 'r1' , 'South' , 1142 ) ;
Insert into sales_order (id , cust_id , order_date , fin_code_id , region , sales_rep ) values ( 2635 , 127 , '1994-05-17' , 'r1' , 'South' , 129 ) ;
Insert into sales_order (id , cust_id , order_date , fin_code_id , region , sales_rep ) values ( 2636 , 182 , '1994-05-18' , 'r1' , 'Western' , 195 ) ;
Insert into sales_order (id , cust_id , order_date , fin_code_id , region , sales_rep ) values ( 2637 , 128 , '1994-05-18' , 'r1' , 'Eastern' , 690 ) ;
Insert into sales_order (id , cust_id , order_date , fin_code_id , region , sales_rep ) values ( 2638 , 181 , '1994-05-19' , 'r1' , 'Eastern' , 1596 ) ;
Insert into sales_order (id , cust_id , order_date , fin_code_id , region , sales_rep ) values ( 2639 , 129 , '1994-05-19' , 'r1' , 'Eastern' , 299 ) ;
Insert into sales_order (id , cust_id , order_date , fin_code_id , region , sales_rep ) values ( 2640 , 180 , '1994-05-20' , 'r1' , 'Eastern' , 467 ) ;
Insert into sales_order (id , cust_id , order_date , fin_code_id , region , sales_rep ) values ( 2641 , 130 , '1994-05-20' , 'r1' , 'Central' , 949 ) ;
Insert into sales_order (id , cust_id , order_date , fin_code_id , region , sales_rep ) values ( 2642 , 179 , '1994-05-21' , 'r1' , 'South' , 902 ) ;
Insert into sales_order (id , cust_id , order_date , fin_code_id , region , sales_rep ) values ( 2643 , 129 , '1994-05-21' , 'r1' , 'Eastern' , 856 ) ;
Insert into sales_order (id , cust_id , order_date , fin_code_id , region , sales_rep ) values ( 2644 , 178 , '1994-05-25' , 'r1' , 'Eastern' , 299 ) ;
Insert into sales_order (id , cust_id , order_date , fin_code_id , region , sales_rep ) values ( 2645 , 130 , '1994-05-25' , 'r1' , 'Central' , 667 ) ;
Insert into sales_order (id , cust_id , order_date , fin_code_id , region , sales_rep ) values ( 2646 , 177 , '1994-05-26' , 'r1' , 'South' , 1142 ) ;
Insert into sales_order (id , cust_id , order_date , fin_code_id , region , sales_rep ) values ( 2647 , 131 , '1994-05-26' , 'r1' , 'Eastern' , 129 ) ;
Insert into sales_order (id , cust_id , order_date , fin_code_id , region , sales_rep ) values ( 2648 , 176 , '1994-05-27' , 'r1' , 'Eastern' , 195 ) ;
Insert into sales_order (id , cust_id , order_date , fin_code_id , region , sales_rep ) values ( 2649 , 132 , '1994-05-27' , 'r1' , 'Central' , 690 ) ;
Insert into sales_order (id , cust_id , order_date , fin_code_id , region , sales_rep ) values ( 2650 , 175 , '1994-05-28' , 'r1' , 'Canada' , 1596 ) ;
Insert into sales_order (id , cust_id , order_date , fin_code_id , region , sales_rep ) values ( 2651 , 133 , '1994-05-28' , 'r1' , 'Western' , 299 ) ;
Insert into sales_order (id , cust_id , order_date , fin_code_id , region , sales_rep ) values ( 2652 , 174 , '1994-05-28' , 'r1' , 'Central' , 902 ) ;
-- end table    sales_order

CREATE TABLE sales_order_items (
    id INTEGER NOT NULL ,
    line_id INTEGER NOT NULL ,
    prod_id INTEGER NOT NULL ,
    quantity INTEGER NOT NULL ,
    ship_date DATE NOT NULL ,
    PRIMARY KEY (id, line_id)
) ;


Insert into sales_order_items (id , line_id , prod_id , quantity , ship_date) values (2001 , 1 , 300 , 12 , '1993-03-17') ;
Insert into sales_order_items (id , line_id , prod_id , quantity , ship_date) values (2001 , 2 , 301 , 12 , '1993-03-16') ;
Insert into sales_order_items (id , line_id , prod_id , quantity , ship_date) values (2001 , 3 , 302 , 12 , '1993-03-16') ;
Insert into sales_order_items (id , line_id , prod_id , quantity , ship_date) values (2002 , 1 , 400 , 24 , '1993-03-20') ;
Insert into sales_order_items (id , line_id , prod_id , quantity , ship_date) values (2002 , 2 , 401 , 24 , '1993-03-20') ;
Insert into sales_order_items (id , line_id , prod_id , quantity , ship_date) values (2003 , 1 , 500 , 12 , '1993-03-25') ;
Insert into sales_order_items (id , line_id , prod_id , quantity , ship_date) values (2003 , 2 , 501 , 12 , '1993-03-25') ;
Insert into sales_order_items (id , line_id , prod_id , quantity , ship_date) values (2004 , 1 , 600 , 48 , '1993-03-25') ;
Insert into sales_order_items (id , line_id , prod_id , quantity , ship_date) values (2004 , 2 , 601 , 48 , '1993-03-25') ;
Insert into sales_order_items (id , line_id , prod_id , quantity , ship_date) values (2005 , 1 , 700 , 12 , '1994-03-26') ;
Insert into sales_order_items (id , line_id , prod_id , quantity , ship_date) values (2006 , 1 , 300 , 48 , '1994-03-30') ;
Insert into sales_order_items (id , line_id , prod_id , quantity , ship_date) values (2007 , 1 , 301 , 24 , '1994-04-01') ;
Insert into sales_order_items (id , line_id , prod_id , quantity , ship_date) values (2008 , 1 , 302 , 12 , '1994-04-02') ;
Insert into sales_order_items (id , line_id , prod_id , quantity , ship_date) values (2009 , 1 , 400 , 12 , '1994-04-05') ;
Insert into sales_order_items (id , line_id , prod_id , quantity , ship_date) values (2010 , 1 , 401 , 12 , '1994-04-06') ;
Insert into sales_order_items (id , line_id , prod_id , quantity , ship_date) values (2011 , 1 , 500 , 36 , '1994-04-08') ;
Insert into sales_order_items (id , line_id , prod_id , quantity , ship_date) values (2012 , 1 , 501 , 12 , '1994-04-07') ;
Insert into sales_order_items (id , line_id , prod_id , quantity , ship_date) values (2013 , 1 , 600 , 24 , '1994-04-12') ;
Insert into sales_order_items (id , line_id , prod_id , quantity , ship_date) values (2013 , 2 , 601 , 24 , '1994-04-12') ;
Insert into sales_order_items (id , line_id , prod_id , quantity , ship_date) values (2014 , 1 , 700 , 36 , '1994-04-08') ;
Insert into sales_order_items (id , line_id , prod_id , quantity , ship_date) values (2015 , 1 , 300 , 24 , '1994-04-07') ;
Insert into sales_order_items (id , line_id , prod_id , quantity , ship_date) values (2015 , 2 , 301 , 24 , '1994-04-07') ;
Insert into sales_order_items (id , line_id , prod_id , quantity , ship_date) values (2015 , 3 , 302 , 24 , '1994-04-07') ;
Insert into sales_order_items (id , line_id , prod_id , quantity , ship_date) values (2015 , 4 , 700 , 24 , '1994-04-07') ;
Insert into sales_order_items (id , line_id , prod_id , quantity , ship_date) values (2016 , 1 , 400 , 12 , '1994-04-09') ;
Insert into sales_order_items (id , line_id , prod_id , quantity , ship_date) values (2016 , 2 , 401 , 12 , '1993-04-09') ;
Insert into sales_order_items (id , line_id , prod_id , quantity , ship_date) values (2016 , 3 , 500 , 12 , '1994-04-09') ;
Insert into sales_order_items (id , line_id , prod_id , quantity , ship_date) values (2016 , 4 , 501 , 12 , '1993-04-09') ;
Insert into sales_order_items (id , line_id , prod_id , quantity , ship_date) values (2017 , 1 , 302 , 48 , '1994-03-09') ;
Insert into sales_order_items (id , line_id , prod_id , quantity , ship_date) values (2017 , 2 , 600 , 48 , '1994-04-09') ;
Insert into sales_order_items (id , line_id , prod_id , quantity , ship_date) values (2017 , 3 , 601 , 48 , '1994-04-09') ;
Insert into sales_order_items (id , line_id , prod_id , quantity , ship_date) values (2018 , 1 , 700 , 60 , '1994-03-10') ;
Insert into sales_order_items (id , line_id , prod_id , quantity , ship_date) values (2019 , 1 , 300 , 12 , '1993-02-12') ;
Insert into sales_order_items (id , line_id , prod_id , quantity , ship_date) values (2020 , 1 , 700 , 24 , '1994-03-05') ;
Insert into sales_order_items (id , line_id , prod_id , quantity , ship_date) values (2021 , 1 , 600 , 12 , '1994-04-09') ;
Insert into sales_order_items (id , line_id , prod_id , quantity , ship_date) values (2022 , 1 , 500 , 24 , '1994-05-06') ;
Insert into sales_order_items (id , line_id , prod_id , quantity , ship_date) values (2023 , 1 , 401 , 24 , '1994-06-09') ;
Insert into sales_order_items (id , line_id , prod_id , quantity , ship_date) values (2024 , 1 , 302 , 36 , '1994-07-13') ;
Insert into sales_order_items (id , line_id , prod_id , quantity , ship_date) values (2025 , 1 , 501 , 12 , '1994-05-04') ;
Insert into sales_order_items (id , line_id , prod_id , quantity , ship_date) values (2026 , 1 , 301 , 48 , '1994-02-03') ;
Insert into sales_order_items (id , line_id , prod_id , quantity , ship_date) values (2026 , 2 , 700 , 48 , '1994-02-03') ;
Insert into sales_order_items (id , line_id , prod_id , quantity , ship_date) values (2027 , 1 , 401 , 12 , '1994-06-17') ;
Insert into sales_order_items (id , line_id , prod_id , quantity , ship_date) values (2028 , 1 , 601 , 24 , '1993-07-02') ;
Insert into sales_order_items (id , line_id , prod_id , quantity , ship_date) values (2029 , 1 , 302 , 48 , '1993-06-15') ;
Insert into sales_order_items (id , line_id , prod_id , quantity , ship_date) values (2030 , 1 , 300 , 24 , '1994-04-07') ;
Insert into sales_order_items (id , line_id , prod_id , quantity , ship_date) values (2030 , 2 , 301 , 24 , '1994-04-07') ;
Insert into sales_order_items (id , line_id , prod_id , quantity , ship_date) values (2030 , 3 , 302 , 24 , '1994-04-07') ;
Insert into sales_order_items (id , line_id , prod_id , quantity , ship_date) values (2030 , 4 , 700 , 24 , '1994-04-07') ;
Insert into sales_order_items (id , line_id , prod_id , quantity , ship_date) values (2031 , 1 , 400 , 48 , '1993-06-02') ;
Insert into sales_order_items (id , line_id , prod_id , quantity , ship_date) values (2031 , 2 , 401 , 48 , '1994-06-02') ;
Insert into sales_order_items (id , line_id , prod_id , quantity , ship_date) values (2032 , 1 , 501 , 60 , '1994-07-07') ;
Insert into sales_order_items (id , line_id , prod_id , quantity , ship_date) values (2033 , 1 , 400 , 24 , '1994-02-15') ;
Insert into sales_order_items (id , line_id , prod_id , quantity , ship_date) values (2033 , 2 , 401 , 24 , '1993-02-13') ;
Insert into sales_order_items (id , line_id , prod_id , quantity , ship_date) values (2035 , 1 , 501 , 36 , '1994-04-30') ;
Insert into sales_order_items (id , line_id , prod_id , quantity , ship_date) values (2036 , 1 , 600 , 12 , '1994-01-06') ;
Insert into sales_order_items (id , line_id , prod_id , quantity , ship_date) values (2037 , 1 , 601 , 12 , '1993-01-27') ;
Insert into sales_order_items (id , line_id , prod_id , quantity , ship_date) values (2038 , 1 , 700 , 60 , '1994-02-04') ;
Insert into sales_order_items (id , line_id , prod_id , quantity , ship_date) values (2039 , 1 , 300 , 12 , '1993-03-02') ;
Insert into sales_order_items (id , line_id , prod_id , quantity , ship_date) values (2040 , 1 , 301 , 24 , '1994-04-27') ;
Insert into sales_order_items (id , line_id , prod_id , quantity , ship_date) values (2041 , 1 , 302 , 36 , '1994-05-03') ;
Insert into sales_order_items (id , line_id , prod_id , quantity , ship_date) values (2042 , 1 , 400 , 12 , '1994-02-26') ;
Insert into sales_order_items (id , line_id , prod_id , quantity , ship_date) values (2043 , 1 , 401 , 36 , '1994-03-22') ;
Insert into sales_order_items (id , line_id , prod_id , quantity , ship_date) values (2044 , 1 , 500 , 48 , '1993-07-17') ;
Insert into sales_order_items (id , line_id , prod_id , quantity , ship_date) values (2045 , 1 , 501 , 36 , '1993-07-06') ;
Insert into sales_order_items (id , line_id , prod_id , quantity , ship_date) values (2046 , 1 , 600 , 12 , '1994-02-02') ;
Insert into sales_order_items (id , line_id , prod_id , quantity , ship_date) values (2047 , 1 , 601 , 24 , '1994-03-12') ;
Insert into sales_order_items (id , line_id , prod_id , quantity , ship_date) values (2048 , 1 , 700 , 12 , '1994-03-12') ;
Insert into sales_order_items (id , line_id , prod_id , quantity , ship_date) values (2049 , 1 , 300 , 24 , '1994-02-18') ;
Insert into sales_order_items (id , line_id , prod_id , quantity , ship_date) values (2050 , 1 , 301 , 24 , '1994-03-01') ;
Insert into sales_order_items (id , line_id , prod_id , quantity , ship_date) values (2051 , 1 , 302 , 36 , '1993-05-18') ;
Insert into sales_order_items (id , line_id , prod_id , quantity , ship_date) values (2052 , 1 , 400 , 48 , '1994-07-05') ;
Insert into sales_order_items (id , line_id , prod_id , quantity , ship_date) values (2053 , 1 , 401 , 60 , '1994-06-30') ;
Insert into sales_order_items (id , line_id , prod_id , quantity , ship_date) values (2054 , 1 , 500 , 12 , '1994-05-31') ;
Insert into sales_order_items (id , line_id , prod_id , quantity , ship_date) values (2055 , 1 , 501 , 12 , '1994-03-31') ;
Insert into sales_order_items (id , line_id , prod_id , quantity , ship_date) values (2056 , 1 , 600 , 24 , '1994-04-16') ;
Insert into sales_order_items (id , line_id , prod_id , quantity , ship_date) values (2057 , 1 , 700 , 24 , '1994-03-22') ;
Insert into sales_order_items (id , line_id , prod_id , quantity , ship_date) values (2058 , 1 , 300 , 12 , '1994-04-07') ;
Insert into sales_order_items (id , line_id , prod_id , quantity , ship_date) values (2059 , 1 , 301 , 12 , '1994-04-07') ;
Insert into sales_order_items (id , line_id , prod_id , quantity , ship_date) values (2060 , 1 , 302 , 12 , '1994-05-04') ;
Insert into sales_order_items (id , line_id , prod_id , quantity , ship_date) values (2061 , 1 , 400 , 24 , '1993-07-21') ;
Insert into sales_order_items (id , line_id , prod_id , quantity , ship_date) values (2062 , 1 , 401 , 36 , '1994-06-17') ;
Insert into sales_order_items (id , line_id , prod_id , quantity , ship_date) values (2063 , 1 , 500 , 48 , '1994-06-21') ;
Insert into sales_order_items (id , line_id , prod_id , quantity , ship_date) values (2064 , 1 , 501 , 60 , '1994-05-03') ;
Insert into sales_order_items (id , line_id , prod_id , quantity , ship_date) values (2065 , 1 , 600 , 12 , '1993-01-06') ;
Insert into sales_order_items (id , line_id , prod_id , quantity , ship_date) values (2067 , 1 , 700 , 72 , '1994-04-26') ;
Insert into sales_order_items (id , line_id , prod_id , quantity , ship_date) values (2068 , 1 , 300 , 36 , '1994-05-03') ;
Insert into sales_order_items (id , line_id , prod_id , quantity , ship_date) values (2069 , 1 , 301 , 12 , '1994-02-16') ;
Insert into sales_order_items (id , line_id , prod_id , quantity , ship_date) values (2070 , 1 , 302 , 24 , '1993-03-02') ;
Insert into sales_order_items (id , line_id , prod_id , quantity , ship_date) values (2071 , 1 , 400 , 60 , '1994-05-26') ;
Insert into sales_order_items (id , line_id , prod_id , quantity , ship_date) values (2072 , 1 , 400 , 24 , '1994-05-17') ;
Insert into sales_order_items (id , line_id , prod_id , quantity , ship_date) values (2073 , 1 , 401 , 24 , '1994-06-02') ;
Insert into sales_order_items (id , line_id , prod_id , quantity , ship_date) values (2074 , 1 , 500 , 12 , '1994-07-22') ;
Insert into sales_order_items (id , line_id , prod_id , quantity , ship_date) values (2074 , 2 , 501 , 12 , '1994-07-22') ;
Insert into sales_order_items (id , line_id , prod_id , quantity , ship_date) values (2075 , 1 , 600 , 12 , '1994-02-17') ;
Insert into sales_order_items (id , line_id , prod_id , quantity , ship_date) values (2076 , 1 , 601 , 36 , '1994-03-22') ;
Insert into sales_order_items (id , line_id , prod_id , quantity , ship_date) values (2077 , 1 , 700 , 48 , '1994-04-07') ;
Insert into sales_order_items (id , line_id , prod_id , quantity , ship_date) values (2078 , 1 , 300 , 12 , '1994-05-03') ;
Insert into sales_order_items (id , line_id , prod_id , quantity , ship_date) values (2079 , 1 , 301 , 24 , '1994-04-05') ;
Insert into sales_order_items (id , line_id , prod_id , quantity , ship_date) values (2080 , 1 , 302 , 12 , '1994-05-03') ;
Insert into sales_order_items (id , line_id , prod_id , quantity , ship_date) values (2081 , 1 , 400 , 36 , '1993-06-05') ;
Insert into sales_order_items (id , line_id , prod_id , quantity , ship_date) values (2082 , 1 , 401 , 48 , '1994-07-09') ;
Insert into sales_order_items (id , line_id , prod_id , quantity , ship_date) values (2083 , 1 , 500 , 60 , '1993-01-15') ;
Insert into sales_order_items (id , line_id , prod_id , quantity , ship_date) values (2084 , 1 , 501 , 60 , '1994-02-12') ;
Insert into sales_order_items (id , line_id , prod_id , quantity , ship_date) values (2085 , 1 , 600 , 24 , '1993-03-13') ;
Insert into sales_order_items (id , line_id , prod_id , quantity , ship_date) values (2086 , 1 , 601 , 12 , '1994-04-13') ;
Insert into sales_order_items (id , line_id , prod_id , quantity , ship_date) values (2087 , 1 , 700 , 36 , '1994-05-12') ;
Insert into sales_order_items (id , line_id , prod_id , quantity , ship_date) values (2089 , 1 , 300 , 12 , '1994-06-15') ;
Insert into sales_order_items (id , line_id , prod_id , quantity , ship_date) values (2090 , 1 , 301 , 24 , '1994-07-16') ;
Insert into sales_order_items (id , line_id , prod_id , quantity , ship_date) values (2091 , 1 , 302 , 60 , '1994-07-02') ;
Insert into sales_order_items (id , line_id , prod_id , quantity , ship_date) values (2092 , 1 , 400 , 12 , '1994-01-12') ;
Insert into sales_order_items (id , line_id , prod_id , quantity , ship_date) values (2093 , 1 , 401 , 24 , '1993-02-14') ;
Insert into sales_order_items (id , line_id , prod_id , quantity , ship_date) values (2094 , 1 , 500 , 24 , '1994-03-17') ;
Insert into sales_order_items (id , line_id , prod_id , quantity , ship_date) values (2095 , 1 , 300 , 36 , '1994-04-20') ;
Insert into sales_order_items (id , line_id , prod_id , quantity , ship_date) values (2095 , 2 , 301 , 36 , '1994-04-20') ;
Insert into sales_order_items (id , line_id , prod_id , quantity , ship_date) values (2095 , 3 , 302 , 36 , '1994-04-20') ;
Insert into sales_order_items (id , line_id , prod_id , quantity , ship_date) values (2096 , 1 , 501 , 12 , '1994-05-19') ;
Insert into sales_order_items (id , line_id , prod_id , quantity , ship_date) values (2097 , 1 , 600 , 48 , '1993-06-22') ;
Insert into sales_order_items (id , line_id , prod_id , quantity , ship_date) values (2098 , 1 , 601 , 60 , '1994-07-19') ;
Insert into sales_order_items (id , line_id , prod_id , quantity , ship_date) values (2099 , 1 , 700 , 12 , '1993-01-21') ;
Insert into sales_order_items (id , line_id , prod_id , quantity , ship_date) values (2100 , 1 , 400 , 36 , '1994-02-22') ;
Insert into sales_order_items (id , line_id , prod_id , quantity , ship_date) values (2101 , 1 , 401 , 24 , '1993-03-24') ;
Insert into sales_order_items (id , line_id , prod_id , quantity , ship_date) values (2102 , 1 , 500 , 12 , '1994-04-26') ;
Insert into sales_order_items (id , line_id , prod_id , quantity , ship_date) values (2103 , 1 , 501 , 48 , '1994-05-25') ;
Insert into sales_order_items (id , line_id , prod_id , quantity , ship_date) values (2104 , 1 , 600 , 12 , '1993-06-24') ;
Insert into sales_order_items (id , line_id , prod_id , quantity , ship_date) values (2105 , 1 , 700 , 24 , '1994-07-26') ;
Insert into sales_order_items (id , line_id , prod_id , quantity , ship_date) values (2106 , 1 , 300 , 12 , '1994-01-07') ;
Insert into sales_order_items (id , line_id , prod_id , quantity , ship_date) values (2107 , 1 , 301 , 36 , '1993-02-07') ;
Insert into sales_order_items (id , line_id , prod_id , quantity , ship_date) values (2109 , 1 , 400 , 60 , '1993-04-08') ;
Insert into sales_order_items (id , line_id , prod_id , quantity , ship_date) values (2110 , 1 , 401 , 24 , '1994-05-11') ;
Insert into sales_order_items (id , line_id , prod_id , quantity , ship_date) values (2111 , 1 , 500 , 36 , '1994-06-14') ;
Insert into sales_order_items (id , line_id , prod_id , quantity , ship_date) values (2112 , 1 , 501 , 12 , '1994-07-12') ;
Insert into sales_order_items (id , line_id , prod_id , quantity , ship_date) values (2112 , 2 , 601 , 12 , '1994-01-12') ;
Insert into sales_order_items (id , line_id , prod_id , quantity , ship_date) values (2113 , 1 , 600 , 12 , '1994-01-15') ;
Insert into sales_order_items (id , line_id , prod_id , quantity , ship_date) values (2114 , 1 , 600 , 24 , '1994-02-15') ;
Insert into sales_order_items (id , line_id , prod_id , quantity , ship_date) values (2114 , 2 , 601 , 24 , '1994-02-15') ;
Insert into sales_order_items (id , line_id , prod_id , quantity , ship_date) values (2115 , 1 , 600 , 36 , '1993-03-16') ;
Insert into sales_order_items (id , line_id , prod_id , quantity , ship_date) values (2115 , 2 , 700 , 36 , '1993-03-16') ;
Insert into sales_order_items (id , line_id , prod_id , quantity , ship_date) values (2116 , 1 , 300 , 48 , '1994-04-16') ;
Insert into sales_order_items (id , line_id , prod_id , quantity , ship_date) values (2117 , 1 , 301 , 60 , '1993-05-15') ;
Insert into sales_order_items (id , line_id , prod_id , quantity , ship_date) values (2118 , 1 , 302 , 12 , '1994-06-21') ;
Insert into sales_order_items (id , line_id , prod_id , quantity , ship_date) values (2119 , 1 , 400 , 24 , '1994-07-19') ;
Insert into sales_order_items (id , line_id , prod_id , quantity , ship_date) values (2120 , 1 , 401 , 24 , '1994-01-21') ;
Insert into sales_order_items (id , line_id , prod_id , quantity , ship_date) values (2121 , 1 , 500 , 12 , '1993-02-21') ;
Insert into sales_order_items (id , line_id , prod_id , quantity , ship_date) values (2122 , 1 , 501 , 48 , '1994-03-25') ;
Insert into sales_order_items (id , line_id , prod_id , quantity , ship_date) values (2123 , 1 , 600 , 60 , '1994-04-23') ;
Insert into sales_order_items (id , line_id , prod_id , quantity , ship_date) values (2124 , 1 , 601 , 60 , '1993-05-25') ;
Insert into sales_order_items (id , line_id , prod_id , quantity , ship_date) values (2125 , 1 , 400 , 36 , '1994-06-28') ;
Insert into sales_order_items (id , line_id , prod_id , quantity , ship_date) values (2125 , 2 , 401 , 36 , '1994-06-28') ;
Insert into sales_order_items (id , line_id , prod_id , quantity , ship_date) values (2125 , 3 , 500 , 36 , '1994-06-28') ;
Insert into sales_order_items (id , line_id , prod_id , quantity , ship_date) values (2126 , 1 , 301 , 24 , '1993-01-03') ;
Insert into sales_order_items (id , line_id , prod_id , quantity , ship_date) values (2127 , 1 , 400 , 36 , '1994-01-07') ;
Insert into sales_order_items (id , line_id , prod_id , quantity , ship_date) values (2128 , 1 , 400 , 24 , '1993-01-29') ;
Insert into sales_order_items (id , line_id , prod_id , quantity , ship_date) values (2128 , 2 , 700 , 36 , '1993-01-29') ;
Insert into sales_order_items (id , line_id , prod_id , quantity , ship_date) values (2129 , 1 , 300 , 12 , '1993-01-08') ;
Insert into sales_order_items (id , line_id , prod_id , quantity , ship_date) values (2130 , 1 , 501 , 24 , '1993-01-20') ;
Insert into sales_order_items (id , line_id , prod_id , quantity , ship_date) values (2131 , 1 , 300 , 12 , '1993-01-03') ;
Insert into sales_order_items (id , line_id , prod_id , quantity , ship_date) values (2131 , 2 , 301 , 12 , '1993-01-03') ;
Insert into sales_order_items (id , line_id , prod_id , quantity , ship_date) values (2131 , 3 , 302 , 12 , '1993-01-03') ;
Insert into sales_order_items (id , line_id , prod_id , quantity , ship_date) values (2132 , 1 , 400 , 48 , '1993-01-09') ;
Insert into sales_order_items (id , line_id , prod_id , quantity , ship_date) values (2132 , 2 , 401 , 48 , '1993-01-09') ;
Insert into sales_order_items (id , line_id , prod_id , quantity , ship_date) values (2133 , 1 , 500 , 24 , '1993-01-13') ;
Insert into sales_order_items (id , line_id , prod_id , quantity , ship_date) values (2134 , 1 , 600 , 12 , '1993-01-15') ;
Insert into sales_order_items (id , line_id , prod_id , quantity , ship_date) values (2135 , 1 , 300 , 12 , '1993-01-07') ;
Insert into sales_order_items (id , line_id , prod_id , quantity , ship_date) values (2135 , 2 , 301 , 12 , '1993-01-07') ;
Insert into sales_order_items (id , line_id , prod_id , quantity , ship_date) values (2135 , 3 , 302 , 12 , '1993-01-07') ;
Insert into sales_order_items (id , line_id , prod_id , quantity , ship_date) values (2136 , 1 , 400 , 24 , '1993-01-13') ;
Insert into sales_order_items (id , line_id , prod_id , quantity , ship_date) values (2136 , 2 , 401 , 24 , '1993-01-13') ;
Insert into sales_order_items (id , line_id , prod_id , quantity , ship_date) values (2137 , 1 , 500 , 60 , '1993-01-14') ;
Insert into sales_order_items (id , line_id , prod_id , quantity , ship_date) values (2137 , 2 , 501 , 60 , '1993-01-14') ;
Insert into sales_order_items (id , line_id , prod_id , quantity , ship_date) values (2138 , 1 , 600 , 36 , '1993-01-17') ;
Insert into sales_order_items (id , line_id , prod_id , quantity , ship_date) values (2138 , 2 , 601 , 36 , '1993-01-17') ;
Insert into sales_order_items (id , line_id , prod_id , quantity , ship_date) values (2139 , 1 , 700 , 60 , '1993-01-20') ;
Insert into sales_order_items (id , line_id , prod_id , quantity , ship_date) values (2140 , 1 , 300 , 36 , '1993-01-21') ;
Insert into sales_order_items (id , line_id , prod_id , quantity , ship_date) values (2140 , 2 , 301 , 36 , '1993-01-21') ;
Insert into sales_order_items (id , line_id , prod_id , quantity , ship_date) values (2140 , 3 , 302 , 36 , '1993-01-21') ;
Insert into sales_order_items (id , line_id , prod_id , quantity , ship_date) values (2141 , 1 , 400 , 12 , '1993-01-22') ;
Insert into sales_order_items (id , line_id , prod_id , quantity , ship_date) values (2141 , 2 , 401 , 12 , '1993-01-22') ;
Insert into sales_order_items (id , line_id , prod_id , quantity , ship_date) values (2142 , 1 , 500 , 24 , '1993-01-23') ;
Insert into sales_order_items (id , line_id , prod_id , quantity , ship_date) values (2142 , 2 , 501 , 24 , '1993-01-23') ;
Insert into sales_order_items (id , line_id , prod_id , quantity , ship_date) values (2143 , 1 , 600 , 48 , '1993-01-24') ;
Insert into sales_order_items (id , line_id , prod_id , quantity , ship_date) values (2143 , 2 , 601 , 48 , '1993-01-24') ;
Insert into sales_order_items (id , line_id , prod_id , quantity , ship_date) values (2144 , 1 , 400 , 12 , '1993-01-24') ;
Insert into sales_order_items (id , line_id , prod_id , quantity , ship_date) values (2144 , 2 , 700 , 12 , '1993-01-24') ;
Insert into sales_order_items (id , line_id , prod_id , quantity , ship_date) values (2145 , 1 , 500 , 24 , '1993-01-28') ;
Insert into sales_order_items (id , line_id , prod_id , quantity , ship_date) values (2145 , 2 , 501 , 24 , '1993-01-28') ;
Insert into sales_order_items (id , line_id , prod_id , quantity , ship_date) values (2146 , 1 , 600 , 12 , '1993-01-28') ;
Insert into sales_order_items (id , line_id , prod_id , quantity , ship_date) values (2146 , 2 , 601 , 12 , '1993-01-28') ;
Insert into sales_order_items (id , line_id , prod_id , quantity , ship_date) values (2146 , 3 , 700 , 12 , '1993-01-28') ;
Insert into sales_order_items (id , line_id , prod_id , quantity , ship_date) values (2147 , 1 , 300 , 36 , '1993-01-29') ;
Insert into sales_order_items (id , line_id , prod_id , quantity , ship_date) values (2147 , 2 , 301 , 36 , '1993-01-29') ;
Insert into sales_order_items (id , line_id , prod_id , quantity , ship_date) values (2147 , 3 , 302 , 36 , '1993-01-29') ;
Insert into sales_order_items (id , line_id , prod_id , quantity , ship_date) values (2148 , 1 , 400 , 12 , '1993-01-31') ;
Insert into sales_order_items (id , line_id , prod_id , quantity , ship_date) values (2148 , 2 , 401 , 12 , '1993-01-31') ;
Insert into sales_order_items (id , line_id , prod_id , quantity , ship_date) values (2149 , 1 , 500 , 24 , '1993-02-03') ;
Insert into sales_order_items (id , line_id , prod_id , quantity , ship_date) values (2149 , 2 , 501 , 24 , '1993-02-03') ;
Insert into sales_order_items (id , line_id , prod_id , quantity , ship_date) values (2150 , 1 , 600 , 12 , '1993-02-04') ;
Insert into sales_order_items (id , line_id , prod_id , quantity , ship_date) values (2150 , 2 , 601 , 12 , '1993-02-04') ;
Insert into sales_order_items (id , line_id , prod_id , quantity , ship_date) values (2151 , 1 , 700 , 72 , '1993-02-05') ;
Insert into sales_order_items (id , line_id , prod_id , quantity , ship_date) values (2152 , 1 , 400 , 12 , '1993-02-06') ;
Insert into sales_order_items (id , line_id , prod_id , quantity , ship_date) values (2152 , 2 , 401 , 12 , '1993-02-06') ;
Insert into sales_order_items (id , line_id , prod_id , quantity , ship_date) values (2153 , 1 , 500 , 24 , '1993-02-07') ;
Insert into sales_order_items (id , line_id , prod_id , quantity , ship_date) values (2153 , 2 , 501 , 24 , '1993-02-07') ;
Insert into sales_order_items (id , line_id , prod_id , quantity , ship_date) values (2154 , 1 , 600 , 36 , '1993-02-10') ;
Insert into sales_order_items (id , line_id , prod_id , quantity , ship_date) values (2154 , 2 , 601 , 36 , '1993-02-10') ;
Insert into sales_order_items (id , line_id , prod_id , quantity , ship_date) values (2155 , 1 , 700 , 60 , '1993-02-10') ;
Insert into sales_order_items (id , line_id , prod_id , quantity , ship_date) values (2156 , 1 , 300 , 12 , '1993-02-12') ;
Insert into sales_order_items (id , line_id , prod_id , quantity , ship_date) values (2156 , 2 , 301 , 12 , '1993-02-12') ;
Insert into sales_order_items (id , line_id , prod_id , quantity , ship_date) values (2156 , 3 , 302 , 12 , '1993-02-12') ;
Insert into sales_order_items (id , line_id , prod_id , quantity , ship_date) values (2156 , 4 , 700 , 12 , '1993-02-12') ;
Insert into sales_order_items (id , line_id , prod_id , quantity , ship_date) values (2157 , 1 , 400 , 24 , '1993-02-13') ;
Insert into sales_order_items (id , line_id , prod_id , quantity , ship_date) values (2157 , 2 , 401 , 24 , '1993-02-13') ;
Insert into sales_order_items (id , line_id , prod_id , quantity , ship_date) values (2157 , 3 , 500 , 24 , '1993-02-13') ;
Insert into sales_order_items (id , line_id , prod_id , quantity , ship_date) values (2157 , 4 , 501 , 24 , '1993-02-13') ;
Insert into sales_order_items (id , line_id , prod_id , quantity , ship_date) values (2158 , 1 , 500 , 12 , '1993-02-14') ;
Insert into sales_order_items (id , line_id , prod_id , quantity , ship_date) values (2158 , 2 , 501 , 12 , '1993-02-14') ;
Insert into sales_order_items (id , line_id , prod_id , quantity , ship_date) values (2158 , 3 , 600 , 36 , '1993-02-14') ;
Insert into sales_order_items (id , line_id , prod_id , quantity , ship_date) values (2158 , 4 , 601 , 36 , '1993-02-14') ;
Insert into sales_order_items (id , line_id , prod_id , quantity , ship_date) values (2159 , 1 , 600 , 24 , '1993-02-14') ;
Insert into sales_order_items (id , line_id , prod_id , quantity , ship_date) values (2160 , 1 , 601 , 24 , '1993-02-14') ;
Insert into sales_order_items (id , line_id , prod_id , quantity , ship_date) values (2161 , 1 , 300 , 36 , '1993-02-18') ;
Insert into sales_order_items (id , line_id , prod_id , quantity , ship_date) values (2161 , 2 , 301 , 36 , '1993-02-18') ;
Insert into sales_order_items (id , line_id , prod_id , quantity , ship_date) values (2161 , 3 , 302 , 12 , '1993-02-18') ;
Insert into sales_order_items (id , line_id , prod_id , quantity , ship_date) values (2162 , 1 , 400 , 24 , '1993-02-19') ;
Insert into sales_order_items (id , line_id , prod_id , quantity , ship_date) values (2162 , 2 , 401 , 12 , '1993-02-19') ;
Insert into sales_order_items (id , line_id , prod_id , quantity , ship_date) values (2162 , 3 , 500 , 36 , '1993-02-19') ;
Insert into sales_order_items (id , line_id , prod_id , quantity , ship_date) values (2163 , 1 , 600 , 24 , '1993-02-20') ;
Insert into sales_order_items (id , line_id , prod_id , quantity , ship_date) values (2163 , 2 , 601 , 24 , '1993-02-20') ;
Insert into sales_order_items (id , line_id , prod_id , quantity , ship_date) values (2164 , 1 , 600 , 60 , '1993-02-21') ;
Insert into sales_order_items (id , line_id , prod_id , quantity , ship_date) values (2164 , 2 , 601 , 60 , '1993-02-21') ;
Insert into sales_order_items (id , line_id , prod_id , quantity , ship_date) values (2164 , 3 , 700 , 36 , '1993-02-21') ;
Insert into sales_order_items (id , line_id , prod_id , quantity , ship_date) values (2165 , 1 , 300 , 12 , '1993-02-24') ;
Insert into sales_order_items (id , line_id , prod_id , quantity , ship_date) values (2165 , 2 , 301 , 24 , '1993-02-24') ;
Insert into sales_order_items (id , line_id , prod_id , quantity , ship_date) values (2165 , 3 , 302 , 12 , '1993-02-24') ;
Insert into sales_order_items (id , line_id , prod_id , quantity , ship_date) values (2166 , 1 , 400 , 36 , '1993-02-25') ;
Insert into sales_order_items (id , line_id , prod_id , quantity , ship_date) values (2166 , 2 , 401 , 36 , '1993-02-25') ;
Insert into sales_order_items (id , line_id , prod_id , quantity , ship_date) values (2167 , 1 , 400 , 12 , '1993-02-26') ;
Insert into sales_order_items (id , line_id , prod_id , quantity , ship_date) values (2167 , 2 , 401 , 12 , '1993-02-26') ;
Insert into sales_order_items (id , line_id , prod_id , quantity , ship_date) values (2167 , 3 , 500 , 12 , '1993-02-26') ;
Insert into sales_order_items (id , line_id , prod_id , quantity , ship_date) values (2167 , 4 , 501 , 24 , '1993-02-26') ;
Insert into sales_order_items (id , line_id , prod_id , quantity , ship_date) values (2168 , 1 , 600 , 24 , '1993-02-27') ;
Insert into sales_order_items (id , line_id , prod_id , quantity , ship_date) values (2168 , 2 , 601 , 24 , '1993-02-27') ;
Insert into sales_order_items (id , line_id , prod_id , quantity , ship_date) values (2169 , 1 , 300 , 36 , '1993-02-28') ;
Insert into sales_order_items (id , line_id , prod_id , quantity , ship_date) values (2169 , 2 , 301 , 36 , '1994-02-28') ;
Insert into sales_order_items (id , line_id , prod_id , quantity , ship_date) values (2169 , 3 , 302 , 24 , '1993-02-28') ;
Insert into sales_order_items (id , line_id , prod_id , quantity , ship_date) values (2170 , 1 , 400 , 60 , '1993-03-02') ;
Insert into sales_order_items (id , line_id , prod_id , quantity , ship_date) values (2170 , 2 , 401 , 24 , '1993-03-02') ;
Insert into sales_order_items (id , line_id , prod_id , quantity , ship_date) values (2170 , 3 , 500 , 24 , '1993-03-02') ;
Insert into sales_order_items (id , line_id , prod_id , quantity , ship_date) values (2171 , 1 , 600 , 12 , '1993-03-04') ;
Insert into sales_order_items (id , line_id , prod_id , quantity , ship_date) values (2171 , 2 , 601 , 12 , '1993-03-04') ;
Insert into sales_order_items (id , line_id , prod_id , quantity , ship_date) values (2172 , 1 , 300 , 24 , '1993-03-02') ;
Insert into sales_order_items (id , line_id , prod_id , quantity , ship_date) values (2172 , 2 , 301 , 24 , '1994-03-02') ;
Insert into sales_order_items (id , line_id , prod_id , quantity , ship_date) values (2172 , 3 , 302 , 24 , '1994-03-02') ;
Insert into sales_order_items (id , line_id , prod_id , quantity , ship_date) values (2173 , 1 , 400 , 12 , '1993-03-04') ;
Insert into sales_order_items (id , line_id , prod_id , quantity , ship_date) values (2173 , 2 , 401 , 12 , '1993-03-04') ;
Insert into sales_order_items (id , line_id , prod_id , quantity , ship_date) values (2174 , 1 , 500 , 36 , '1993-03-05') ;
Insert into sales_order_items (id , line_id , prod_id , quantity , ship_date) values (2174 , 2 , 501 , 36 , '1993-03-05') ;
Insert into sales_order_items (id , line_id , prod_id , quantity , ship_date) values (2175 , 1 , 600 , 48 , '1993-03-06') ;
Insert into sales_order_items (id , line_id , prod_id , quantity , ship_date) values (2175 , 2 , 601 , 48 , '1993-03-06') ;
Insert into sales_order_items (id , line_id , prod_id , quantity , ship_date) values (2176 , 1 , 700 , 60 , '1993-03-06') ;
Insert into sales_order_items (id , line_id , prod_id , quantity , ship_date) values (2177 , 1 , 300 , 12 , '1993-03-06') ;
Insert into sales_order_items (id , line_id , prod_id , quantity , ship_date) values (2178 , 1 , 300 , 24 , '1993-03-10') ;
Insert into sales_order_items (id , line_id , prod_id , quantity , ship_date) values (2178 , 2 , 301 , 24 , '1993-03-10') ;
Insert into sales_order_items (id , line_id , prod_id , quantity , ship_date) values (2178 , 3 , 400 , 12 , '1993-03-10') ;
Insert into sales_order_items (id , line_id , prod_id , quantity , ship_date) values (2179 , 1 , 500 , 36 , '1993-03-11') ;
Insert into sales_order_items (id , line_id , prod_id , quantity , ship_date) values (2179 , 2 , 501 , 36 , '1993-03-11') ;
Insert into sales_order_items (id , line_id , prod_id , quantity , ship_date) values (2180 , 1 , 600 , 12 , '1993-03-12') ;
Insert into sales_order_items (id , line_id , prod_id , quantity , ship_date) values (2180 , 2 , 601 , 12 , '1993-03-12') ;
Insert into sales_order_items (id , line_id , prod_id , quantity , ship_date) values (2180 , 3 , 700 , 24 , '1993-03-12') ;
Insert into sales_order_items (id , line_id , prod_id , quantity , ship_date) values (2181 , 1 , 400 , 36 , '1993-03-13') ;
Insert into sales_order_items (id , line_id , prod_id , quantity , ship_date) values (2181 , 2 , 401 , 36 , '1993-03-13') ;
Insert into sales_order_items (id , line_id , prod_id , quantity , ship_date) values (2182 , 1 , 500 , 12 , '1993-03-13') ;
Insert into sales_order_items (id , line_id , prod_id , quantity , ship_date) values (2182 , 2 , 501 , 12 , '1993-03-13') ;
Insert into sales_order_items (id , line_id , prod_id , quantity , ship_date) values (2183 , 1 , 600 , 24 , '1993-03-18') ;
Insert into sales_order_items (id , line_id , prod_id , quantity , ship_date) values (2183 , 2 , 601 , 24 , '1993-03-18') ;
Insert into sales_order_items (id , line_id , prod_id , quantity , ship_date) values (2184 , 1 , 300 , 12 , '1993-03-19') ;
Insert into sales_order_items (id , line_id , prod_id , quantity , ship_date) values (2184 , 2 , 301 , 12 , '1993-03-19') ;
Insert into sales_order_items (id , line_id , prod_id , quantity , ship_date) values (2184 , 3 , 700 , 12 , '1993-03-19') ;
Insert into sales_order_items (id , line_id , prod_id , quantity , ship_date) values (2185 , 1 , 400 , 24 , '1993-03-20') ;
Insert into sales_order_items (id , line_id , prod_id , quantity , ship_date) values (2185 , 2 , 401 , 24 , '1993-03-20') ;
Insert into sales_order_items (id , line_id , prod_id , quantity , ship_date) values (2186 , 1 , 500 , 36 , '1993-03-23') ;
Insert into sales_order_items (id , line_id , prod_id , quantity , ship_date) values (2186 , 2 , 501 , 36 , '1993-03-23') ;
Insert into sales_order_items (id , line_id , prod_id , quantity , ship_date) values (2187 , 1 , 600 , 48 , '1993-03-24') ;
Insert into sales_order_items (id , line_id , prod_id , quantity , ship_date) values (2187 , 2 , 601 , 48 , '1993-03-24') ;
Insert into sales_order_items (id , line_id , prod_id , quantity , ship_date) values (2188 , 1 , 700 , 60 , '1993-03-25') ;
Insert into sales_order_items (id , line_id , prod_id , quantity , ship_date) values (2189 , 1 , 300 , 12 , '1993-03-25') ;
Insert into sales_order_items (id , line_id , prod_id , quantity , ship_date) values (2189 , 2 , 302 , 12 , '1993-03-25') ;
Insert into sales_order_items (id , line_id , prod_id , quantity , ship_date) values (2190 , 1 , 301 , 24 , '1993-03-26') ;
Insert into sales_order_items (id , line_id , prod_id , quantity , ship_date) values (2190 , 2 , 400 , 24 , '1993-03-26') ;
Insert into sales_order_items (id , line_id , prod_id , quantity , ship_date) values (2190 , 3 , 501 , 24 , '1993-03-26') ;
Insert into sales_order_items (id , line_id , prod_id , quantity , ship_date) values (2191 , 1 , 302 , 36 , '1993-03-27') ;
Insert into sales_order_items (id , line_id , prod_id , quantity , ship_date) values (2191 , 2 , 601 , 36 , '1993-03-27') ;
Insert into sales_order_items (id , line_id , prod_id , quantity , ship_date) values (2191 , 3 , 700 , 36 , '1993-03-27') ;
Insert into sales_order_items (id , line_id , prod_id , quantity , ship_date) values (2192 , 1 , 301 , 12 , '1993-03-30') ;
Insert into sales_order_items (id , line_id , prod_id , quantity , ship_date) values (2192 , 2 , 401 , 12 , '1993-03-30') ;
Insert into sales_order_items (id , line_id , prod_id , quantity , ship_date) values (2192 , 3 , 600 , 12 , '1993-03-30') ;
Insert into sales_order_items (id , line_id , prod_id , quantity , ship_date) values (2193 , 1 , 600 , 24 , '1993-03-31') ;
Insert into sales_order_items (id , line_id , prod_id , quantity , ship_date) values (2193 , 2 , 601 , 24 , '1993-03-31') ;
Insert into sales_order_items (id , line_id , prod_id , quantity , ship_date) values (2193 , 3 , 700 , 24 , '1993-03-31') ;
Insert into sales_order_items (id , line_id , prod_id , quantity , ship_date) values (2194 , 1 , 300 , 12 , '1993-04-01') ;
Insert into sales_order_items (id , line_id , prod_id , quantity , ship_date) values (2194 , 2 , 301 , 12 , '1993-04-01') ;
Insert into sales_order_items (id , line_id , prod_id , quantity , ship_date) values (2194 , 3 , 302 , 12 , '1993-04-01') ;
Insert into sales_order_items (id , line_id , prod_id , quantity , ship_date) values (2195 , 1 , 400 , 12 , '1993-04-02') ;
Insert into sales_order_items (id , line_id , prod_id , quantity , ship_date) values (2195 , 2 , 500 , 24 , '1993-04-02') ;
Insert into sales_order_items (id , line_id , prod_id , quantity , ship_date) values (2195 , 3 , 501 , 24 , '1993-04-02') ;
Insert into sales_order_items (id , line_id , prod_id , quantity , ship_date) values (2196 , 1 , 400 , 36 , '1993-04-03') ;
Insert into sales_order_items (id , line_id , prod_id , quantity , ship_date) values (2196 , 2 , 401 , 36 , '1993-04-03') ;
Insert into sales_order_items (id , line_id , prod_id , quantity , ship_date) values (2196 , 3 , 500 , 24 , '1993-04-03') ;
Insert into sales_order_items (id , line_id , prod_id , quantity , ship_date) values (2197 , 1 , 600 , 48 , '1993-04-06') ;
Insert into sales_order_items (id , line_id , prod_id , quantity , ship_date) values (2197 , 2 , 601 , 48 , '1993-04-06') ;
Insert into sales_order_items (id , line_id , prod_id , quantity , ship_date) values (2197 , 3 , 700 , 48 , '1993-04-06') ;
Insert into sales_order_items (id , line_id , prod_id , quantity , ship_date) values (2198 , 1 , 300 , 12 , '1993-04-07') ;
Insert into sales_order_items (id , line_id , prod_id , quantity , ship_date) values (2198 , 2 , 301 , 12 , '1993-04-07') ;
Insert into sales_order_items (id , line_id , prod_id , quantity , ship_date) values (2198 , 3 , 302 , 12 , '1993-04-07') ;
Insert into sales_order_items (id , line_id , prod_id , quantity , ship_date) values (2199 , 1 , 400 , 36 , '1993-04-08') ;
Insert into sales_order_items (id , line_id , prod_id , quantity , ship_date) values (2199 , 2 , 401 , 36 , '1993-04-08') ;
Insert into sales_order_items (id , line_id , prod_id , quantity , ship_date) values (2199 , 3 , 600 , 12 , '1993-04-08') ;
Insert into sales_order_items (id , line_id , prod_id , quantity , ship_date) values (2200 , 1 , 400 , 24 , '1993-04-09') ;
Insert into sales_order_items (id , line_id , prod_id , quantity , ship_date) values (2200 , 2 , 401 , 24 , '1993-04-09') ;
Insert into sales_order_items (id , line_id , prod_id , quantity , ship_date) values (2200 , 3 , 500 , 24 , '1993-04-09') ;
Insert into sales_order_items (id , line_id , prod_id , quantity , ship_date) values (2201 , 1 , 600 , 60 , '1993-04-10') ;
Insert into sales_order_items (id , line_id , prod_id , quantity , ship_date) values (2201 , 2 , 601 , 60 , '1993-04-10') ;
Insert into sales_order_items (id , line_id , prod_id , quantity , ship_date) values (2201 , 3 , 700 , 60 , '1993-04-10') ;
Insert into sales_order_items (id , line_id , prod_id , quantity , ship_date) values (2202 , 1 , 300 , 12 , '1993-04-13') ;
Insert into sales_order_items (id , line_id , prod_id , quantity , ship_date) values (2202 , 2 , 301 , 12 , '1993-04-13') ;
Insert into sales_order_items (id , line_id , prod_id , quantity , ship_date) values (2202 , 3 , 302 , 12 , '1993-04-13') ;
Insert into sales_order_items (id , line_id , prod_id , quantity , ship_date) values (2203 , 1 , 400 , 24 , '1993-04-14') ;
Insert into sales_order_items (id , line_id , prod_id , quantity , ship_date) values (2203 , 2 , 401 , 24 , '1993-04-14') ;
Insert into sales_order_items (id , line_id , prod_id , quantity , ship_date) values (2204 , 1 , 400 , 24 , '1993-04-15') ;
Insert into sales_order_items (id , line_id , prod_id , quantity , ship_date) values (2204 , 2 , 401 , 24 , '1993-04-15') ;
Insert into sales_order_items (id , line_id , prod_id , quantity , ship_date) values (2204 , 3 , 500 , 36 , '1993-04-15') ;
Insert into sales_order_items (id , line_id , prod_id , quantity , ship_date) values (2204 , 4 , 501 , 36 , '1993-04-15') ;
Insert into sales_order_items (id , line_id , prod_id , quantity , ship_date) values (2205 , 1 , 500 , 12 , '1993-04-16') ;
Insert into sales_order_items (id , line_id , prod_id , quantity , ship_date) values (2205 , 2 , 501 , 12 , '1993-04-16') ;
Insert into sales_order_items (id , line_id , prod_id , quantity , ship_date) values (2205 , 3 , 700 , 24 , '1993-04-16') ;
Insert into sales_order_items (id , line_id , prod_id , quantity , ship_date) values (2206 , 1 , 300 , 12 , '1993-04-17') ;
Insert into sales_order_items (id , line_id , prod_id , quantity , ship_date) values (2206 , 2 , 301 , 12 , '1993-04-17') ;
Insert into sales_order_items (id , line_id , prod_id , quantity , ship_date) values (2206 , 3 , 302 , 12 , '1993-04-17') ;
Insert into sales_order_items (id , line_id , prod_id , quantity , ship_date) values (2206 , 4 , 700 , 12 , '1993-04-17') ;
Insert into sales_order_items (id , line_id , prod_id , quantity , ship_date) values (2207 , 1 , 400 , 24 , '1993-04-20') ;
Insert into sales_order_items (id , line_id , prod_id , quantity , ship_date) values (2207 , 2 , 401 , 24 , '1993-04-20') ;
Insert into sales_order_items (id , line_id , prod_id , quantity , ship_date) values (2207 , 3 , 501 , 12 , '1993-04-20') ;
Insert into sales_order_items (id , line_id , prod_id , quantity , ship_date) values (2208 , 1 , 400 , 36 , '1993-04-21') ;
Insert into sales_order_items (id , line_id , prod_id , quantity , ship_date) values (2208 , 2 , 401 , 36 , '1993-04-21') ;
Insert into sales_order_items (id , line_id , prod_id , quantity , ship_date) values (2208 , 3 , 500 , 36 , '1993-04-21') ;
Insert into sales_order_items (id , line_id , prod_id , quantity , ship_date) values (2208 , 4 , 501 , 36 , '1993-04-21') ;
Insert into sales_order_items (id , line_id , prod_id , quantity , ship_date) values (2209 , 1 , 500 , 12 , '1993-04-22') ;
Insert into sales_order_items (id , line_id , prod_id , quantity , ship_date) values (2209 , 2 , 501 , 12 , '1993-04-22') ;
Insert into sales_order_items (id , line_id , prod_id , quantity , ship_date) values (2209 , 3 , 600 , 12 , '1993-04-22') ;
Insert into sales_order_items (id , line_id , prod_id , quantity , ship_date) values (2209 , 4 , 601 , 12 , '1993-04-22') ;
Insert into sales_order_items (id , line_id , prod_id , quantity , ship_date) values (2210 , 1 , 300 , 24 , '1993-04-23') ;
Insert into sales_order_items (id , line_id , prod_id , quantity , ship_date) values (2210 , 2 , 301 , 24 , '1993-04-23') ;
Insert into sales_order_items (id , line_id , prod_id , quantity , ship_date) values (2210 , 3 , 302 , 24 , '1993-04-23') ;
Insert into sales_order_items (id , line_id , prod_id , quantity , ship_date) values (2210 , 4 , 700 , 24 , '1993-04-23') ;
Insert into sales_order_items (id , line_id , prod_id , quantity , ship_date) values (2211 , 1 , 400 , 36 , '1993-04-24') ;
Insert into sales_order_items (id , line_id , prod_id , quantity , ship_date) values (2211 , 2 , 501 , 24 , '1993-04-24') ;
Insert into sales_order_items (id , line_id , prod_id , quantity , ship_date) values (2211 , 3 , 600 , 12 , '1993-04-24') ;
Insert into sales_order_items (id , line_id , prod_id , quantity , ship_date) values (2212 , 1 , 401 , 36 , '1993-04-27') ;
Insert into sales_order_items (id , line_id , prod_id , quantity , ship_date) values (2212 , 2 , 500 , 24 , '1993-04-27') ;
Insert into sales_order_items (id , line_id , prod_id , quantity , ship_date) values (2212 , 3 , 601 , 12 , '1993-04-27') ;
Insert into sales_order_items (id , line_id , prod_id , quantity , ship_date) values (2213 , 1 , 300 , 48 , '1993-04-28') ;
Insert into sales_order_items (id , line_id , prod_id , quantity , ship_date) values (2213 , 2 , 301 , 36 , '1993-04-28') ;
Insert into sales_order_items (id , line_id , prod_id , quantity , ship_date) values (2213 , 3 , 600 , 24 , '1993-04-28') ;
Insert into sales_order_items (id , line_id , prod_id , quantity , ship_date) values (2213 , 4 , 601 , 24 , '1993-04-28') ;
Insert into sales_order_items (id , line_id , prod_id , quantity , ship_date) values (2214 , 1 , 302 , 12 , '1993-04-29') ;
Insert into sales_order_items (id , line_id , prod_id , quantity , ship_date) values (2214 , 2 , 401 , 12 , '1993-04-29') ;
Insert into sales_order_items (id , line_id , prod_id , quantity , ship_date) values (2214 , 3 , 700 , 24 , '1993-04-29') ;
Insert into sales_order_items (id , line_id , prod_id , quantity , ship_date) values (2215 , 1 , 301 , 12 , '1993-04-30') ;
Insert into sales_order_items (id , line_id , prod_id , quantity , ship_date) values (2215 , 2 , 500 , 12 , '1993-04-30') ;
Insert into sales_order_items (id , line_id , prod_id , quantity , ship_date) values (2215 , 3 , 700 , 36 , '1993-04-30') ;
Insert into sales_order_items (id , line_id , prod_id , quantity , ship_date) values (2216 , 1 , 400 , 24 , '1993-05-01') ;
Insert into sales_order_items (id , line_id , prod_id , quantity , ship_date) values (2216 , 2 , 401 , 24 , '1993-05-01') ;
Insert into sales_order_items (id , line_id , prod_id , quantity , ship_date) values (2217 , 1 , 400 , 24 , '1993-05-04') ;
Insert into sales_order_items (id , line_id , prod_id , quantity , ship_date) values (2217 , 2 , 500 , 36 , '1993-05-04') ;
Insert into sales_order_items (id , line_id , prod_id , quantity , ship_date) values (2217 , 3 , 501 , 36 , '1993-05-04') ;
Insert into sales_order_items (id , line_id , prod_id , quantity , ship_date) values (2218 , 1 , 600 , 24 , '1993-05-05') ;
Insert into sales_order_items (id , line_id , prod_id , quantity , ship_date) values (2218 , 2 , 601 , 24 , '1993-05-05') ;
Insert into sales_order_items (id , line_id , prod_id , quantity , ship_date) values (2219 , 3 , 300 , 24 , '1993-05-06') ;
Insert into sales_order_items (id , line_id , prod_id , quantity , ship_date) values (2219 , 4 , 401 , 12 , '1993-05-06') ;
Insert into sales_order_items (id , line_id , prod_id , quantity , ship_date) values (2219 , 5 , 700 , 48 , '1993-05-06') ;
Insert into sales_order_items (id , line_id , prod_id , quantity , ship_date) values (2220 , 1 , 301 , 24 , '1993-05-07') ;
Insert into sales_order_items (id , line_id , prod_id , quantity , ship_date) values (2220 , 2 , 700 , 36 , '1993-05-07') ;
Insert into sales_order_items (id , line_id , prod_id , quantity , ship_date) values (2221 , 1 , 401 , 12 , '1993-05-08') ;
Insert into sales_order_items (id , line_id , prod_id , quantity , ship_date) values (2221 , 2 , 601 , 24 , '1993-05-08') ;
Insert into sales_order_items (id , line_id , prod_id , quantity , ship_date) values (2222 , 1 , 500 , 12 , '1993-05-11') ;
Insert into sales_order_items (id , line_id , prod_id , quantity , ship_date) values (2222 , 2 , 501 , 12 , '1993-05-11') ;
Insert into sales_order_items (id , line_id , prod_id , quantity , ship_date) values (2223 , 1 , 600 , 24 , '1993-05-12') ;
Insert into sales_order_items (id , line_id , prod_id , quantity , ship_date) values (2223 , 2 , 601 , 24 , '1993-05-12') ;
Insert into sales_order_items (id , line_id , prod_id , quantity , ship_date) values (2223 , 3 , 700 , 12 , '1993-05-12') ;
Insert into sales_order_items (id , line_id , prod_id , quantity , ship_date) values (2224 , 1 , 300 , 24 , '1993-05-13') ;
Insert into sales_order_items (id , line_id , prod_id , quantity , ship_date) values (2224 , 2 , 301 , 24 , '1993-05-13') ;
Insert into sales_order_items (id , line_id , prod_id , quantity , ship_date) values (2224 , 3 , 302 , 24 , '1993-05-13') ;
Insert into sales_order_items (id , line_id , prod_id , quantity , ship_date) values (2225 , 1 , 400 , 36 , '1993-05-14') ;
Insert into sales_order_items (id , line_id , prod_id , quantity , ship_date) values (2225 , 2 , 401 , 36 , '1993-05-14') ;
Insert into sales_order_items (id , line_id , prod_id , quantity , ship_date) values (2226 , 1 , 500 , 12 , '1993-05-15') ;
Insert into sales_order_items (id , line_id , prod_id , quantity , ship_date) values (2226 , 2 , 501 , 12 , '1993-05-15') ;
Insert into sales_order_items (id , line_id , prod_id , quantity , ship_date) values (2227 , 1 , 600 , 12 , '1993-05-18') ;
Insert into sales_order_items (id , line_id , prod_id , quantity , ship_date) values (2227 , 2 , 601 , 12 , '1993-05-18') ;
Insert into sales_order_items (id , line_id , prod_id , quantity , ship_date) values (2228 , 1 , 300 , 36 , '1993-05-19') ;
Insert into sales_order_items (id , line_id , prod_id , quantity , ship_date) values (2228 , 2 , 302 , 36 , '1993-05-19') ;
Insert into sales_order_items (id , line_id , prod_id , quantity , ship_date) values (2229 , 1 , 301 , 24 , '1993-05-20') ;
Insert into sales_order_items (id , line_id , prod_id , quantity , ship_date) values (2229 , 2 , 400 , 24 , '1993-05-20') ;
Insert into sales_order_items (id , line_id , prod_id , quantity , ship_date) values (2229 , 3 , 700 , 12 , '1993-05-20') ;
Insert into sales_order_items (id , line_id , prod_id , quantity , ship_date) values (2230 , 1 , 600 , 60 , '1993-05-21') ;
Insert into sales_order_items (id , line_id , prod_id , quantity , ship_date) values (2230 , 2 , 601 , 60 , '1993-05-21') ;
Insert into sales_order_items (id , line_id , prod_id , quantity , ship_date) values (2231 , 1 , 500 , 72 , '1993-05-22') ;
Insert into sales_order_items (id , line_id , prod_id , quantity , ship_date) values (2231 , 2 , 501 , 60 , '1993-05-22') ;
Insert into sales_order_items (id , line_id , prod_id , quantity , ship_date) values (2232 , 1 , 400 , 36 , '1993-05-25') ;
Insert into sales_order_items (id , line_id , prod_id , quantity , ship_date) values (2232 , 2 , 401 , 36 , '1993-05-25') ;
Insert into sales_order_items (id , line_id , prod_id , quantity , ship_date) values (2233 , 1 , 500 , 12 , '1993-05-26') ;
Insert into sales_order_items (id , line_id , prod_id , quantity , ship_date) values (2233 , 2 , 501 , 12 , '1993-05-26') ;
Insert into sales_order_items (id , line_id , prod_id , quantity , ship_date) values (2234 , 1 , 600 , 24 , '1993-05-27') ;
Insert into sales_order_items (id , line_id , prod_id , quantity , ship_date) values (2234 , 2 , 601 , 24 , '1993-05-27') ;
Insert into sales_order_items (id , line_id , prod_id , quantity , ship_date) values (2235 , 1 , 300 , 36 , '1993-05-28') ;
Insert into sales_order_items (id , line_id , prod_id , quantity , ship_date) values (2235 , 2 , 302 , 36 , '1993-05-28') ;
Insert into sales_order_items (id , line_id , prod_id , quantity , ship_date) values (2236 , 1 , 301 , 12 , '1993-05-29') ;
Insert into sales_order_items (id , line_id , prod_id , quantity , ship_date) values (2236 , 2 , 700 , 60 , '1993-05-29') ;
Insert into sales_order_items (id , line_id , prod_id , quantity , ship_date) values (2237 , 1 , 400 , 36 , '1993-06-01') ;
Insert into sales_order_items (id , line_id , prod_id , quantity , ship_date) values (2237 , 2 , 401 , 36 , '1993-06-01') ;
Insert into sales_order_items (id , line_id , prod_id , quantity , ship_date) values (2238 , 1 , 500 , 24 , '1993-05-29') ;
Insert into sales_order_items (id , line_id , prod_id , quantity , ship_date) values (2239 , 1 , 600 , 72 , '1993-06-02') ;
Insert into sales_order_items (id , line_id , prod_id , quantity , ship_date) values (2239 , 2 , 601 , 60 , '1993-06-02') ;
Insert into sales_order_items (id , line_id , prod_id , quantity , ship_date) values (2240 , 1 , 300 , 12 , '1993-06-03') ;
Insert into sales_order_items (id , line_id , prod_id , quantity , ship_date) values (2240 , 2 , 301 , 12 , '1993-06-03') ;
Insert into sales_order_items (id , line_id , prod_id , quantity , ship_date) values (2240 , 3 , 302 , 12 , '1993-06-03') ;
Insert into sales_order_items (id , line_id , prod_id , quantity , ship_date) values (2241 , 1 , 400 , 24 , '1993-06-04') ;
Insert into sales_order_items (id , line_id , prod_id , quantity , ship_date) values (2241 , 2 , 401 , 24 , '1993-06-04') ;
Insert into sales_order_items (id , line_id , prod_id , quantity , ship_date) values (2242 , 1 , 600 , 60 , '1993-06-05') ;
Insert into sales_order_items (id , line_id , prod_id , quantity , ship_date) values (2242 , 2 , 601 , 48 , '1993-06-05') ;
Insert into sales_order_items (id , line_id , prod_id , quantity , ship_date) values (2243 , 1 , 500 , 24 , '1993-06-08') ;
Insert into sales_order_items (id , line_id , prod_id , quantity , ship_date) values (2243 , 2 , 501 , 12 , '1993-06-08') ;
Insert into sales_order_items (id , line_id , prod_id , quantity , ship_date) values (2244 , 1 , 300 , 24 , '1993-06-09') ;
Insert into sales_order_items (id , line_id , prod_id , quantity , ship_date) values (2244 , 2 , 302 , 24 , '1993-06-09') ;
Insert into sales_order_items (id , line_id , prod_id , quantity , ship_date) values (2245 , 1 , 301 , 36 , '1993-06-10') ;
Insert into sales_order_items (id , line_id , prod_id , quantity , ship_date) values (2245 , 2 , 400 , 24 , '1993-06-10') ;
Insert into sales_order_items (id , line_id , prod_id , quantity , ship_date) values (2246 , 1 , 600 , 48 , '1993-06-11') ;
Insert into sales_order_items (id , line_id , prod_id , quantity , ship_date) values (2246 , 2 , 601 , 60 , '1993-06-11') ;
Insert into sales_order_items (id , line_id , prod_id , quantity , ship_date) values (2247 , 1 , 300 , 12 , '1993-06-12') ;
Insert into sales_order_items (id , line_id , prod_id , quantity , ship_date) values (2247 , 2 , 700 , 24 , '1993-06-12') ;
Insert into sales_order_items (id , line_id , prod_id , quantity , ship_date) values (2248 , 1 , 301 , 12 , '1993-06-15') ;
Insert into sales_order_items (id , line_id , prod_id , quantity , ship_date) values (2248 , 2 , 400 , 12 , '1993-06-15') ;
Insert into sales_order_items (id , line_id , prod_id , quantity , ship_date) values (2249 , 1 , 302 , 12 , '1993-06-15') ;
Insert into sales_order_items (id , line_id , prod_id , quantity , ship_date) values (2249 , 2 , 401 , 24 , '1993-06-15') ;
Insert into sales_order_items (id , line_id , prod_id , quantity , ship_date) values (2250 , 1 , 300 , 24 , '1993-06-16') ;
Insert into sales_order_items (id , line_id , prod_id , quantity , ship_date) values (2250 , 2 , 700 , 36 , '1993-06-16') ;
Insert into sales_order_items (id , line_id , prod_id , quantity , ship_date) values (2251 , 1 , 500 , 12 , '1993-06-18') ;
Insert into sales_order_items (id , line_id , prod_id , quantity , ship_date) values (2251 , 2 , 501 , 24 , '1993-06-18') ;
Insert into sales_order_items (id , line_id , prod_id , quantity , ship_date) values (2252 , 1 , 300 , 12 , '1993-06-19') ;
Insert into sales_order_items (id , line_id , prod_id , quantity , ship_date) values (2252 , 2 , 302 , 12 , '1993-06-19') ;
Insert into sales_order_items (id , line_id , prod_id , quantity , ship_date) values (2253 , 1 , 301 , 24 , '1993-06-22') ;
Insert into sales_order_items (id , line_id , prod_id , quantity , ship_date) values (2253 , 2 , 400 , 12 , '1993-06-22') ;
Insert into sales_order_items (id , line_id , prod_id , quantity , ship_date) values (2254 , 1 , 500 , 36 , '1993-06-23') ;
Insert into sales_order_items (id , line_id , prod_id , quantity , ship_date) values (2254 , 2 , 501 , 24 , '1993-06-23') ;
Insert into sales_order_items (id , line_id , prod_id , quantity , ship_date) values (2255 , 1 , 600 , 48 , '1993-06-24') ;
Insert into sales_order_items (id , line_id , prod_id , quantity , ship_date) values (2255 , 2 , 601 , 36 , '1993-06-24') ;
Insert into sales_order_items (id , line_id , prod_id , quantity , ship_date) values (2256 , 1 , 400 , 12 , '1993-06-25') ;
Insert into sales_order_items (id , line_id , prod_id , quantity , ship_date) values (2256 , 2 , 401 , 12 , '1993-06-25') ;
Insert into sales_order_items (id , line_id , prod_id , quantity , ship_date) values (2257 , 1 , 302 , 24 , '1993-06-26') ;
Insert into sales_order_items (id , line_id , prod_id , quantity , ship_date) values (2257 , 2 , 400 , 12 , '1993-06-26') ;
Insert into sales_order_items (id , line_id , prod_id , quantity , ship_date) values (2257 , 3 , 700 , 24 , '1993-06-26') ;
Insert into sales_order_items (id , line_id , prod_id , quantity , ship_date) values (2258 , 1 , 300 , 36 , '1993-06-29') ;
Insert into sales_order_items (id , line_id , prod_id , quantity , ship_date) values (2258 , 2 , 301 , 24 , '1993-06-29') ;
Insert into sales_order_items (id , line_id , prod_id , quantity , ship_date) values (2258 , 3 , 302 , 12 , '1993-06-29') ;
Insert into sales_order_items (id , line_id , prod_id , quantity , ship_date) values (2259 , 1 , 400 , 36 , '1993-06-30') ;
Insert into sales_order_items (id , line_id , prod_id , quantity , ship_date) values (2259 , 2 , 401 , 36 , '1993-06-30') ;
Insert into sales_order_items (id , line_id , prod_id , quantity , ship_date) values (2260 , 1 , 600 , 48 , '1993-07-01') ;
Insert into sales_order_items (id , line_id , prod_id , quantity , ship_date) values (2260 , 2 , 601 , 48 , '1993-07-01') ;
Insert into sales_order_items (id , line_id , prod_id , quantity , ship_date) values (2261 , 1 , 300 , 12 , '1993-07-02') ;
Insert into sales_order_items (id , line_id , prod_id , quantity , ship_date) values (2261 , 2 , 700 , 48 , '1993-07-02') ;
Insert into sales_order_items (id , line_id , prod_id , quantity , ship_date) values (2262 , 1 , 301 , 24 , '1993-07-06') ;
Insert into sales_order_items (id , line_id , prod_id , quantity , ship_date) values (2262 , 2 , 400 , 12 , '1993-07-06') ;
Insert into sales_order_items (id , line_id , prod_id , quantity , ship_date) values (2263 , 1 , 300 , 24 , '1993-07-07') ;
Insert into sales_order_items (id , line_id , prod_id , quantity , ship_date) values (2263 , 2 , 302 , 24 , '1993-07-07') ;
Insert into sales_order_items (id , line_id , prod_id , quantity , ship_date) values (2264 , 1 , 401 , 36 , '1993-07-08') ;
Insert into sales_order_items (id , line_id , prod_id , quantity , ship_date) values (2264 , 2 , 501 , 48 , '1993-07-08') ;
Insert into sales_order_items (id , line_id , prod_id , quantity , ship_date) values (2264 , 3 , 600 , 12 , '1993-07-08') ;
Insert into sales_order_items (id , line_id , prod_id , quantity , ship_date) values (2265 , 1 , 400 , 24 , '1993-07-09') ;
Insert into sales_order_items (id , line_id , prod_id , quantity , ship_date) values (2265 , 2 , 401 , 24 , '1993-07-09') ;
Insert into sales_order_items (id , line_id , prod_id , quantity , ship_date) values (2266 , 1 , 500 , 12 , '1993-07-10') ;
Insert into sales_order_items (id , line_id , prod_id , quantity , ship_date) values (2266 , 2 , 501 , 12 , '1993-07-10') ;
Insert into sales_order_items (id , line_id , prod_id , quantity , ship_date) values (2267 , 1 , 600 , 24 , '1993-07-13') ;
Insert into sales_order_items (id , line_id , prod_id , quantity , ship_date) values (2267 , 2 , 601 , 12 , '1993-07-13') ;
Insert into sales_order_items (id , line_id , prod_id , quantity , ship_date) values (2267 , 3 , 700 , 48 , '1993-07-13') ;
Insert into sales_order_items (id , line_id , prod_id , quantity , ship_date) values (2268 , 1 , 300 , 12 , '1993-07-14') ;
Insert into sales_order_items (id , line_id , prod_id , quantity , ship_date) values (2268 , 2 , 301 , 12 , '1993-07-14') ;
Insert into sales_order_items (id , line_id , prod_id , quantity , ship_date) values (2269 , 1 , 300 , 24 , '1993-07-15') ;
Insert into sales_order_items (id , line_id , prod_id , quantity , ship_date) values (2269 , 2 , 400 , 48 , '1993-07-15') ;
Insert into sales_order_items (id , line_id , prod_id , quantity , ship_date) values (2269 , 3 , 601 , 12 , '1993-07-15') ;
Insert into sales_order_items (id , line_id , prod_id , quantity , ship_date) values (2270 , 1 , 400 , 36 , '1993-07-16') ;
Insert into sales_order_items (id , line_id , prod_id , quantity , ship_date) values (2270 , 2 , 401 , 24 , '1993-07-16') ;
Insert into sales_order_items (id , line_id , prod_id , quantity , ship_date) values (2271 , 1 , 500 , 12 , '1993-07-17') ;
Insert into sales_order_items (id , line_id , prod_id , quantity , ship_date) values (2272 , 1 , 600 , 24 , '1993-07-17') ;
Insert into sales_order_items (id , line_id , prod_id , quantity , ship_date) values (2272 , 2 , 601 , 12 , '1993-07-17') ;
Insert into sales_order_items (id , line_id , prod_id , quantity , ship_date) values (2273 , 1 , 700 , 60 , '1993-07-16') ;
Insert into sales_order_items (id , line_id , prod_id , quantity , ship_date) values (2274 , 1 , 300 , 48 , '1993-07-20') ;
Insert into sales_order_items (id , line_id , prod_id , quantity , ship_date) values (2274 , 2 , 301 , 36 , '1993-07-20') ;
Insert into sales_order_items (id , line_id , prod_id , quantity , ship_date) values (2275 , 1 , 400 , 12 , '1993-07-21') ;
Insert into sales_order_items (id , line_id , prod_id , quantity , ship_date) values (2275 , 2 , 401 , 24 , '1993-07-21') ;
Insert into sales_order_items (id , line_id , prod_id , quantity , ship_date) values (2276 , 1 , 500 , 36 , '1993-07-22') ;
Insert into sales_order_items (id , line_id , prod_id , quantity , ship_date) values (2276 , 2 , 501 , 24 , '1993-07-22') ;
Insert into sales_order_items (id , line_id , prod_id , quantity , ship_date) values (2277 , 1 , 600 , 12 , '1993-07-23') ;
Insert into sales_order_items (id , line_id , prod_id , quantity , ship_date) values (2277 , 2 , 601 , 24 , '1993-07-23') ;
Insert into sales_order_items (id , line_id , prod_id , quantity , ship_date) values (2278 , 1 , 700 , 48 , '1993-07-23') ;
Insert into sales_order_items (id , line_id , prod_id , quantity , ship_date) values (2279 , 1 , 300 , 12 , '1993-07-24') ;
Insert into sales_order_items (id , line_id , prod_id , quantity , ship_date) values (2280 , 1 , 301 , 24 , '1993-07-24') ;
Insert into sales_order_items (id , line_id , prod_id , quantity , ship_date) values (2280 , 2 , 700 , 48 , '1993-07-24') ;
Insert into sales_order_items (id , line_id , prod_id , quantity , ship_date) values (2281 , 1 , 400 , 12 , '1993-07-27') ;
Insert into sales_order_items (id , line_id , prod_id , quantity , ship_date) values (2281 , 2 , 401 , 12 , '1993-07-27') ;
Insert into sales_order_items (id , line_id , prod_id , quantity , ship_date) values (2282 , 1 , 600 , 24 , '1993-07-28') ;
Insert into sales_order_items (id , line_id , prod_id , quantity , ship_date) values (2282 , 2 , 601 , 12 , '1993-07-28') ;
Insert into sales_order_items (id , line_id , prod_id , quantity , ship_date) values (2283 , 1 , 700 , 48 , '1993-07-27') ;
Insert into sales_order_items (id , line_id , prod_id , quantity , ship_date) values (2284 , 1 , 301 , 12 , '1993-07-29') ;
Insert into sales_order_items (id , line_id , prod_id , quantity , ship_date) values (2284 , 2 , 700 , 60 , '1993-07-29') ;
Insert into sales_order_items (id , line_id , prod_id , quantity , ship_date) values (2285 , 1 , 300 , 24 , '1993-07-30') ;
Insert into sales_order_items (id , line_id , prod_id , quantity , ship_date) values (2285 , 2 , 302 , 12 , '1993-07-30') ;
Insert into sales_order_items (id , line_id , prod_id , quantity , ship_date) values (2286 , 1 , 301 , 24 , '1993-07-31') ;
Insert into sales_order_items (id , line_id , prod_id , quantity , ship_date) values (2286 , 2 , 400 , 12 , '1993-07-31') ;
Insert into sales_order_items (id , line_id , prod_id , quantity , ship_date) values (2287 , 1 , 500 , 12 , '1993-07-31') ;
Insert into sales_order_items (id , line_id , prod_id , quantity , ship_date) values (2287 , 2 , 501 , 24 , '1993-07-31') ;
Insert into sales_order_items (id , line_id , prod_id , quantity , ship_date) values (2288 , 1 , 600 , 12 , '1993-08-04') ;
Insert into sales_order_items (id , line_id , prod_id , quantity , ship_date) values (2288 , 2 , 601 , 24 , '1993-08-04') ;
Insert into sales_order_items (id , line_id , prod_id , quantity , ship_date) values (2289 , 1 , 700 , 48 , '1993-08-03') ;
Insert into sales_order_items (id , line_id , prod_id , quantity , ship_date) values (2290 , 1 , 300 , 12 , '1993-08-07') ;
Insert into sales_order_items (id , line_id , prod_id , quantity , ship_date) values (2290 , 2 , 301 , 12 , '1993-08-07') ;
Insert into sales_order_items (id , line_id , prod_id , quantity , ship_date) values (2290 , 3 , 600 , 24 , '1993-08-07') ;
Insert into sales_order_items (id , line_id , prod_id , quantity , ship_date) values (2291 , 1 , 601 , 12 , '1993-08-10') ;
Insert into sales_order_items (id , line_id , prod_id , quantity , ship_date) values (2291 , 2 , 700 , 12 , '1993-08-10') ;
Insert into sales_order_items (id , line_id , prod_id , quantity , ship_date) values (2292 , 1 , 500 , 24 , '1993-08-11') ;
Insert into sales_order_items (id , line_id , prod_id , quantity , ship_date) values (2292 , 2 , 501 , 12 , '1993-08-11') ;
Insert into sales_order_items (id , line_id , prod_id , quantity , ship_date) values (2293 , 1 , 600 , 24 , '1993-08-12') ;
Insert into sales_order_items (id , line_id , prod_id , quantity , ship_date) values (2293 , 2 , 601 , 12 , '1993-08-12') ;
Insert into sales_order_items (id , line_id , prod_id , quantity , ship_date) values (2294 , 1 , 700 , 36 , '1993-08-11') ;
Insert into sales_order_items (id , line_id , prod_id , quantity , ship_date) values (2295 , 1 , 500 , 12 , '1993-08-13') ;
Insert into sales_order_items (id , line_id , prod_id , quantity , ship_date) values (2295 , 2 , 501 , 24 , '1993-08-13') ;
Insert into sales_order_items (id , line_id , prod_id , quantity , ship_date) values (2296 , 1 , 600 , 36 , '1993-08-14') ;
Insert into sales_order_items (id , line_id , prod_id , quantity , ship_date) values (2296 , 2 , 601 , 24 , '1993-08-14') ;
Insert into sales_order_items (id , line_id , prod_id , quantity , ship_date) values (2297 , 1 , 700 , 12 , '1993-08-13') ;
Insert into sales_order_items (id , line_id , prod_id , quantity , ship_date) values (2298 , 1 , 300 , 60 , '1993-08-17') ;
Insert into sales_order_items (id , line_id , prod_id , quantity , ship_date) values (2298 , 2 , 301 , 36 , '1993-08-17') ;
Insert into sales_order_items (id , line_id , prod_id , quantity , ship_date) values (2299 , 1 , 400 , 12 , '1993-08-18') ;
Insert into sales_order_items (id , line_id , prod_id , quantity , ship_date) values (2299 , 2 , 401 , 12 , '1993-08-18') ;
Insert into sales_order_items (id , line_id , prod_id , quantity , ship_date) values (2300 , 1 , 600 , 36 , '1993-08-19') ;
Insert into sales_order_items (id , line_id , prod_id , quantity , ship_date) values (2300 , 2 , 601 , 24 , '1993-08-19') ;
Insert into sales_order_items (id , line_id , prod_id , quantity , ship_date) values (2301 , 1 , 700 , 36 , '1993-08-19') ;
Insert into sales_order_items (id , line_id , prod_id , quantity , ship_date) values (2302 , 1 , 400 , 12 , '1993-08-20') ;
Insert into sales_order_items (id , line_id , prod_id , quantity , ship_date) values (2302 , 2 , 401 , 24 , '1993-08-20') ;
Insert into sales_order_items (id , line_id , prod_id , quantity , ship_date) values (2303 , 1 , 500 , 36 , '1993-08-21') ;
Insert into sales_order_items (id , line_id , prod_id , quantity , ship_date) values (2303 , 2 , 501 , 36 , '1993-08-21') ;
Insert into sales_order_items (id , line_id , prod_id , quantity , ship_date) values (2304 , 1 , 700 , 60 , '1993-08-20') ;
Insert into sales_order_items (id , line_id , prod_id , quantity , ship_date) values (2305 , 1 , 301 , 12 , '1993-08-21') ;
Insert into sales_order_items (id , line_id , prod_id , quantity , ship_date) values (2306 , 1 , 300 , 24 , '1993-08-24') ;
Insert into sales_order_items (id , line_id , prod_id , quantity , ship_date) values (2306 , 2 , 302 , 12 , '1993-08-24') ;
Insert into sales_order_items (id , line_id , prod_id , quantity , ship_date) values (2307 , 1 , 301 , 36 , '1993-08-25') ;
Insert into sales_order_items (id , line_id , prod_id , quantity , ship_date) values (2307 , 2 , 700 , 12 , '1993-08-25') ;
Insert into sales_order_items (id , line_id , prod_id , quantity , ship_date) values (2308 , 1 , 400 , 24 , '1993-08-26') ;
Insert into sales_order_items (id , line_id , prod_id , quantity , ship_date) values (2308 , 2 , 401 , 24 , '1993-08-26') ;
Insert into sales_order_items (id , line_id , prod_id , quantity , ship_date) values (2309 , 1 , 500 , 12 , '1993-08-27') ;
Insert into sales_order_items (id , line_id , prod_id , quantity , ship_date) values (2309 , 2 , 501 , 12 , '1993-08-27') ;
Insert into sales_order_items (id , line_id , prod_id , quantity , ship_date) values (2310 , 1 , 600 , 24 , '1993-08-28') ;
Insert into sales_order_items (id , line_id , prod_id , quantity , ship_date) values (2310 , 2 , 601 , 24 , '1993-08-28') ;
Insert into sales_order_items (id , line_id , prod_id , quantity , ship_date) values (2311 , 1 , 700 , 36 , '1993-08-27') ;
Insert into sales_order_items (id , line_id , prod_id , quantity , ship_date) values (2312 , 1 , 300 , 12 , '1993-08-31') ;
Insert into sales_order_items (id , line_id , prod_id , quantity , ship_date) values (2312 , 2 , 301 , 12 , '1993-08-31') ;
Insert into sales_order_items (id , line_id , prod_id , quantity , ship_date) values (2312 , 3 , 302 , 12 , '1993-08-31') ;
Insert into sales_order_items (id , line_id , prod_id , quantity , ship_date) values (2313 , 1 , 300 , 12 , '1993-09-01') ;
Insert into sales_order_items (id , line_id , prod_id , quantity , ship_date) values (2313 , 2 , 700 , 24 , '1993-09-01') ;
Insert into sales_order_items (id , line_id , prod_id , quantity , ship_date) values (2314 , 1 , 301 , 24 , '1993-09-01') ;
Insert into sales_order_items (id , line_id , prod_id , quantity , ship_date) values (2315 , 1 , 400 , 12 , '1993-09-02') ;
Insert into sales_order_items (id , line_id , prod_id , quantity , ship_date) values (2315 , 2 , 401 , 12 , '1993-09-02') ;
Insert into sales_order_items (id , line_id , prod_id , quantity , ship_date) values (2316 , 1 , 500 , 24 , '1993-09-03') ;
Insert into sales_order_items (id , line_id , prod_id , quantity , ship_date) values (2316 , 2 , 501 , 12 , '1993-09-03') ;
Insert into sales_order_items (id , line_id , prod_id , quantity , ship_date) values (2317 , 1 , 600 , 36 , '1993-09-04') ;
Insert into sales_order_items (id , line_id , prod_id , quantity , ship_date) values (2317 , 2 , 601 , 48 , '1993-09-04') ;
Insert into sales_order_items (id , line_id , prod_id , quantity , ship_date) values (2318 , 1 , 300 , 12 , '1993-09-07') ;
Insert into sales_order_items (id , line_id , prod_id , quantity , ship_date) values (2318 , 2 , 301 , 12 , '1993-09-07') ;
Insert into sales_order_items (id , line_id , prod_id , quantity , ship_date) values (2319 , 1 , 302 , 24 , '1993-09-08') ;
Insert into sales_order_items (id , line_id , prod_id , quantity , ship_date) values (2319 , 2 , 700 , 36 , '1993-09-08') ;
Insert into sales_order_items (id , line_id , prod_id , quantity , ship_date) values (2320 , 1 , 400 , 12 , '1993-09-09') ;
Insert into sales_order_items (id , line_id , prod_id , quantity , ship_date) values (2320 , 2 , 401 , 12 , '1993-09-09') ;
Insert into sales_order_items (id , line_id , prod_id , quantity , ship_date) values (2321 , 1 , 501 , 24 , '1993-09-09') ;
Insert into sales_order_items (id , line_id , prod_id , quantity , ship_date) values (2322 , 1 , 700 , 60 , '1993-09-10') ;
Insert into sales_order_items (id , line_id , prod_id , quantity , ship_date) values (2323 , 1 , 600 , 48 , '1993-09-09') ;
Insert into sales_order_items (id , line_id , prod_id , quantity , ship_date) values (2324 , 1 , 601 , 24 , '1993-09-11') ;
Insert into sales_order_items (id , line_id , prod_id , quantity , ship_date) values (2324 , 2 , 700 , 12 , '1993-09-11') ;
Insert into sales_order_items (id , line_id , prod_id , quantity , ship_date) values (2325 , 1 , 400 , 24 , '1993-09-14') ;
Insert into sales_order_items (id , line_id , prod_id , quantity , ship_date) values (2326 , 1 , 600 , 12 , '1993-09-14') ;
Insert into sales_order_items (id , line_id , prod_id , quantity , ship_date) values (2327 , 1 , 300 , 24 , '1993-09-15') ;
Insert into sales_order_items (id , line_id , prod_id , quantity , ship_date) values (2327 , 2 , 302 , 12 , '1993-09-15') ;
Insert into sales_order_items (id , line_id , prod_id , quantity , ship_date) values (2328 , 1 , 301 , 36 , '1993-09-16') ;
Insert into sales_order_items (id , line_id , prod_id , quantity , ship_date) values (2328 , 2 , 302 , 24 , '1993-09-16') ;
Insert into sales_order_items (id , line_id , prod_id , quantity , ship_date) values (2329 , 1 , 300 , 12 , '1993-09-17') ;
Insert into sales_order_items (id , line_id , prod_id , quantity , ship_date) values (2329 , 2 , 700 , 48 , '1993-09-17') ;
Insert into sales_order_items (id , line_id , prod_id , quantity , ship_date) values (2330 , 1 , 400 , 24 , '1993-09-18') ;
Insert into sales_order_items (id , line_id , prod_id , quantity , ship_date) values (2331 , 1 , 501 , 12 , '1993-09-17') ;
Insert into sales_order_items (id , line_id , prod_id , quantity , ship_date) values (2332 , 1 , 600 , 72 , '1993-09-21') ;
Insert into sales_order_items (id , line_id , prod_id , quantity , ship_date) values (2333 , 1 , 700 , 12 , '1993-09-18') ;
Insert into sales_order_items (id , line_id , prod_id , quantity , ship_date) values (2334 , 1 , 301 , 24 , '1993-09-22') ;
Insert into sales_order_items (id , line_id , prod_id , quantity , ship_date) values (2334 , 2 , 302 , 12 , '1993-09-22') ;
Insert into sales_order_items (id , line_id , prod_id , quantity , ship_date) values (2335 , 1 , 300 , 36 , '1993-09-23') ;
Insert into sales_order_items (id , line_id , prod_id , quantity , ship_date) values (2336 , 1 , 700 , 36 , '1993-09-23') ;
Insert into sales_order_items (id , line_id , prod_id , quantity , ship_date) values (2337 , 1 , 300 , 12 , '1993-09-24') ;
Insert into sales_order_items (id , line_id , prod_id , quantity , ship_date) values (2337 , 2 , 301 , 24 , '1993-09-24') ;
Insert into sales_order_items (id , line_id , prod_id , quantity , ship_date) values (2338 , 1 , 302 , 12 , '1993-09-24') ;
Insert into sales_order_items (id , line_id , prod_id , quantity , ship_date) values (2339 , 1 , 400 , 24 , '1993-09-25') ;
Insert into sales_order_items (id , line_id , prod_id , quantity , ship_date) values (2340 , 1 , 500 , 36 , '1993-09-28') ;
Insert into sales_order_items (id , line_id , prod_id , quantity , ship_date) values (2341 , 1 , 601 , 12 , '1993-09-25') ;
Insert into sales_order_items (id , line_id , prod_id , quantity , ship_date) values (2342 , 1 , 700 , 24 , '1993-09-29') ;
Insert into sales_order_items (id , line_id , prod_id , quantity , ship_date) values (2343 , 1 , 400 , 12 , '1993-09-29') ;
Insert into sales_order_items (id , line_id , prod_id , quantity , ship_date) values (2344 , 1 , 501 , 36 , '1993-09-30') ;
Insert into sales_order_items (id , line_id , prod_id , quantity , ship_date) values (2345 , 1 , 600 , 24 , '1993-09-29') ;
Insert into sales_order_items (id , line_id , prod_id , quantity , ship_date) values (2346 , 1 , 302 , 12 , '1993-09-30') ;
Insert into sales_order_items (id , line_id , prod_id , quantity , ship_date) values (2347 , 1 , 400 , 38 , '1993-10-01') ;
Insert into sales_order_items (id , line_id , prod_id , quantity , ship_date) values (2348 , 1 , 500 , 24 , '1993-10-02') ;
Insert into sales_order_items (id , line_id , prod_id , quantity , ship_date) values (2349 , 1 , 302 , 60 , '1993-10-01') ;
Insert into sales_order_items (id , line_id , prod_id , quantity , ship_date) values (2350 , 1 , 401 , 48 , '1993-10-05') ;
Insert into sales_order_items (id , line_id , prod_id , quantity , ship_date) values (2351 , 1 , 500 , 12 , '1993-10-02') ;
Insert into sales_order_items (id , line_id , prod_id , quantity , ship_date) values (2352 , 1 , 300 , 36 , '1993-10-06') ;
Insert into sales_order_items (id , line_id , prod_id , quantity , ship_date) values (2353 , 1 , 501 , 24 , '1993-10-05') ;
Insert into sales_order_items (id , line_id , prod_id , quantity , ship_date) values (2354 , 1 , 600 , 12 , '1993-10-07') ;
Insert into sales_order_items (id , line_id , prod_id , quantity , ship_date) values (2355 , 1 , 601 , 36 , '1993-10-07') ;
Insert into sales_order_items (id , line_id , prod_id , quantity , ship_date) values (2355 , 2 , 700 , 24 , '1993-10-07') ;
Insert into sales_order_items (id , line_id , prod_id , quantity , ship_date) values (2356 , 1 , 300 , 12 , '1993-10-08') ;
Insert into sales_order_items (id , line_id , prod_id , quantity , ship_date) values (2357 , 1 , 302 , 24 , '1993-10-07') ;
Insert into sales_order_items (id , line_id , prod_id , quantity , ship_date) values (2358 , 1 , 401 , 36 , '1993-10-09') ;
Insert into sales_order_items (id , line_id , prod_id , quantity , ship_date) values (2359 , 1 , 500 , 12 , '1993-10-09') ;
Insert into sales_order_items (id , line_id , prod_id , quantity , ship_date) values (2360 , 1 , 301 , 24 , '1993-10-12') ;
Insert into sales_order_items (id , line_id , prod_id , quantity , ship_date) values (2360 , 2 , 302 , 12 , '1993-10-12') ;
Insert into sales_order_items (id , line_id , prod_id , quantity , ship_date) values (2361 , 1 , 400 , 36 , '1993-10-09') ;
Insert into sales_order_items (id , line_id , prod_id , quantity , ship_date) values (2362 , 1 , 501 , 24 , '1993-10-13') ;
Insert into sales_order_items (id , line_id , prod_id , quantity , ship_date) values (2363 , 1 , 601 , 36 , '1993-10-13') ;
Insert into sales_order_items (id , line_id , prod_id , quantity , ship_date) values (2364 , 1 , 700 , 72 , '1993-10-14') ;
Insert into sales_order_items (id , line_id , prod_id , quantity , ship_date) values (2365 , 1 , 300 , 12 , '1993-10-13') ;
Insert into sales_order_items (id , line_id , prod_id , quantity , ship_date) values (2366 , 1 , 500 , 36 , '1993-10-15') ;
Insert into sales_order_items (id , line_id , prod_id , quantity , ship_date) values (2366 , 2 , 501 , 24 , '1993-10-15') ;
Insert into sales_order_items (id , line_id , prod_id , quantity , ship_date) values (2367 , 1 , 400 , 12 , '1993-10-16') ;
Insert into sales_order_items (id , line_id , prod_id , quantity , ship_date) values (2368 , 1 , 401 , 24 , '1993-10-15') ;
Insert into sales_order_items (id , line_id , prod_id , quantity , ship_date) values (2369 , 1 , 700 , 48 , '1993-10-19') ;
Insert into sales_order_items (id , line_id , prod_id , quantity , ship_date) values (2370 , 1 , 600 , 12 , '1993-10-19') ;
Insert into sales_order_items (id , line_id , prod_id , quantity , ship_date) values (2371 , 1 , 501 , 36 , '1993-10-20') ;
Insert into sales_order_items (id , line_id , prod_id , quantity , ship_date) values (2372 , 1 , 300 , 24 , '1993-10-20') ;
Insert into sales_order_items (id , line_id , prod_id , quantity , ship_date) values (2373 , 1 , 302 , 12 , '1993-10-21') ;
Insert into sales_order_items (id , line_id , prod_id , quantity , ship_date) values (2374 , 1 , 501 , 36 , '1993-10-21') ;
Insert into sales_order_items (id , line_id , prod_id , quantity , ship_date) values (2375 , 1 , 500 , 24 , '1993-10-22') ;
Insert into sales_order_items (id , line_id , prod_id , quantity , ship_date) values (2376 , 1 , 600 , 12 , '1993-10-22') ;
Insert into sales_order_items (id , line_id , prod_id , quantity , ship_date) values (2377 , 1 , 700 , 48 , '1993-10-23') ;
Insert into sales_order_items (id , line_id , prod_id , quantity , ship_date) values (2378 , 1 , 301 , 36 , '1993-10-23') ;
Insert into sales_order_items (id , line_id , prod_id , quantity , ship_date) values (2379 , 1 , 401 , 24 , '1993-10-23') ;
Insert into sales_order_items (id , line_id , prod_id , quantity , ship_date) values (2379 , 2 , 600 , 12 , '1993-10-23') ;
Insert into sales_order_items (id , line_id , prod_id , quantity , ship_date) values (2380 , 1 , 400 , 36 , '1993-10-27') ;
Insert into sales_order_items (id , line_id , prod_id , quantity , ship_date) values (2381 , 1 , 302 , 24 , '1993-10-27') ;
Insert into sales_order_items (id , line_id , prod_id , quantity , ship_date) values (2382 , 1 , 400 , 12 , '1993-10-28') ;
Insert into sales_order_items (id , line_id , prod_id , quantity , ship_date) values (2383 , 1 , 601 , 24 , '1993-10-28') ;
Insert into sales_order_items (id , line_id , prod_id , quantity , ship_date) values (2384 , 1 , 300 , 48 , '1993-10-29') ;
Insert into sales_order_items (id , line_id , prod_id , quantity , ship_date) values (2384 , 2 , 401 , 36 , '1993-10-29') ;
Insert into sales_order_items (id , line_id , prod_id , quantity , ship_date) values (2385 , 1 , 700 , 24 , '1993-10-30') ;
Insert into sales_order_items (id , line_id , prod_id , quantity , ship_date) values (2386 , 1 , 500 , 12 , '1993-10-30') ;
Insert into sales_order_items (id , line_id , prod_id , quantity , ship_date) values (2387 , 1 , 302 , 24 , '1993-10-30') ;
Insert into sales_order_items (id , line_id , prod_id , quantity , ship_date) values (2387 , 2 , 700 , 36 , '1993-10-30') ;
Insert into sales_order_items (id , line_id , prod_id , quantity , ship_date) values (2388 , 1 , 401 , 12 , '1993-10-30') ;
Insert into sales_order_items (id , line_id , prod_id , quantity , ship_date) values (2388 , 2 , 501 , 24 , '1993-10-30') ;
Insert into sales_order_items (id , line_id , prod_id , quantity , ship_date) values (2388 , 3 , 700 , 60 , '1993-10-30') ;
Insert into sales_order_items (id , line_id , prod_id , quantity , ship_date) values (2389 , 1 , 600 , 24 , '1993-10-19') ;
Insert into sales_order_items (id , line_id , prod_id , quantity , ship_date) values (2389 , 2 , 601 , 12 , '1993-10-19') ;
Insert into sales_order_items (id , line_id , prod_id , quantity , ship_date) values (2390 , 1 , 400 , 36 , '1993-11-03') ;
Insert into sales_order_items (id , line_id , prod_id , quantity , ship_date) values (2390 , 2 , 401 , 24 , '1993-11-03') ;
Insert into sales_order_items (id , line_id , prod_id , quantity , ship_date) values (2391 , 1 , 300 , 12 , '1993-11-03') ;
Insert into sales_order_items (id , line_id , prod_id , quantity , ship_date) values (2392 , 1 , 500 , 24 , '1993-11-04') ;
Insert into sales_order_items (id , line_id , prod_id , quantity , ship_date) values (2392 , 2 , 501 , 24 , '1993-11-04') ;
Insert into sales_order_items (id , line_id , prod_id , quantity , ship_date) values (2393 , 1 , 600 , 12 , '1993-11-03') ;
Insert into sales_order_items (id , line_id , prod_id , quantity , ship_date) values (2394 , 1 , 700 , 48 , '1993-11-04') ;
Insert into sales_order_items (id , line_id , prod_id , quantity , ship_date) values (2395 , 1 , 301 , 60 , '1993-11-05') ;
Insert into sales_order_items (id , line_id , prod_id , quantity , ship_date) values (2395 , 2 , 302 , 24 , '1993-11-05') ;
Insert into sales_order_items (id , line_id , prod_id , quantity , ship_date) values (2396 , 1 , 500 , 12 , '1993-11-06') ;
Insert into sales_order_items (id , line_id , prod_id , quantity , ship_date) values (2396 , 2 , 501 , 12 , '1993-11-06') ;
Insert into sales_order_items (id , line_id , prod_id , quantity , ship_date) values (2397 , 1 , 700 , 36 , '1993-11-06') ;
Insert into sales_order_items (id , line_id , prod_id , quantity , ship_date) values (2398 , 1 , 400 , 24 , '1993-11-06') ;
Insert into sales_order_items (id , line_id , prod_id , quantity , ship_date) values (2398 , 2 , 500 , 12 , '1993-11-09') ;
Insert into sales_order_items (id , line_id , prod_id , quantity , ship_date) values (2398 , 3 , 501 , 24 , '1993-11-09') ;
Insert into sales_order_items (id , line_id , prod_id , quantity , ship_date) values (2399 , 1 , 401 , 48 , '1993-11-10') ;
Insert into sales_order_items (id , line_id , prod_id , quantity , ship_date) values (2399 , 2 , 700 , 12 , '1993-11-10') ;
Insert into sales_order_items (id , line_id , prod_id , quantity , ship_date) values (2400 , 1 , 300 , 24 , '1993-11-10') ;
Insert into sales_order_items (id , line_id , prod_id , quantity , ship_date) values (2400 , 2 , 301 , 24 , '1993-11-10') ;
Insert into sales_order_items (id , line_id , prod_id , quantity , ship_date) values (2401 , 1 , 600 , 12 , '1993-11-11') ;
Insert into sales_order_items (id , line_id , prod_id , quantity , ship_date) values (2401 , 2 , 601 , 24 , '1993-11-11') ;
Insert into sales_order_items (id , line_id , prod_id , quantity , ship_date) values (2402 , 1 , 302 , 36 , '1993-11-10') ;
Insert into sales_order_items (id , line_id , prod_id , quantity , ship_date) values (2403 , 1 , 400 , 12 , '1993-11-11') ;
Insert into sales_order_items (id , line_id , prod_id , quantity , ship_date) values (2403 , 2 , 401 , 12 , '1993-11-11') ;
Insert into sales_order_items (id , line_id , prod_id , quantity , ship_date) values (2404 , 1 , 500 , 24 , '1993-11-12') ;
Insert into sales_order_items (id , line_id , prod_id , quantity , ship_date) values (2404 , 2 , 501 , 12 , '1993-11-12') ;
Insert into sales_order_items (id , line_id , prod_id , quantity , ship_date) values (2405 , 1 , 300 , 36 , '1993-11-13') ;
Insert into sales_order_items (id , line_id , prod_id , quantity , ship_date) values (2405 , 2 , 301 , 36 , '1993-11-13') ;
Insert into sales_order_items (id , line_id , prod_id , quantity , ship_date) values (2406 , 1 , 400 , 24 , '1993-11-13') ;
Insert into sales_order_items (id , line_id , prod_id , quantity , ship_date) values (2406 , 2 , 401 , 12 , '1993-11-13') ;
Insert into sales_order_items (id , line_id , prod_id , quantity , ship_date) values (2407 , 1 , 302 , 36 , '1993-11-16') ;
Insert into sales_order_items (id , line_id , prod_id , quantity , ship_date) values (2407 , 2 , 700 , 24 , '1993-11-16') ;
Insert into sales_order_items (id , line_id , prod_id , quantity , ship_date) values (2408 , 1 , 500 , 36 , '1993-11-13') ;
Insert into sales_order_items (id , line_id , prod_id , quantity , ship_date) values (2408 , 2 , 501 , 24 , '1993-11-13') ;
Insert into sales_order_items (id , line_id , prod_id , quantity , ship_date) values (2409 , 1 , 600 , 12 , '1993-11-17') ;
Insert into sales_order_items (id , line_id , prod_id , quantity , ship_date) values (2409 , 2 , 601 , 24 , '1993-11-17') ;
Insert into sales_order_items (id , line_id , prod_id , quantity , ship_date) values (2410 , 1 , 400 , 12 , '1993-11-16') ;
Insert into sales_order_items (id , line_id , prod_id , quantity , ship_date) values (2411 , 1 , 300 , 36 , '1993-11-18') ;
Insert into sales_order_items (id , line_id , prod_id , quantity , ship_date) values (2411 , 2 , 301 , 24 , '1993-11-18') ;
Insert into sales_order_items (id , line_id , prod_id , quantity , ship_date) values (2411 , 3 , 302 , 12 , '1993-11-18') ;
Insert into sales_order_items (id , line_id , prod_id , quantity , ship_date) values (2412 , 1 , 400 , 24 , '1993-11-19') ;
Insert into sales_order_items (id , line_id , prod_id , quantity , ship_date) values (2412 , 2 , 401 , 24 , '1993-11-19') ;
Insert into sales_order_items (id , line_id , prod_id , quantity , ship_date) values (2413 , 1 , 500 , 60 , '1993-11-18') ;
Insert into sales_order_items (id , line_id , prod_id , quantity , ship_date) values (2414 , 1 , 501 , 36 , '1993-11-20') ;
Insert into sales_order_items (id , line_id , prod_id , quantity , ship_date) values (2414 , 2 , 600 , 24 , '1993-11-20') ;
Insert into sales_order_items (id , line_id , prod_id , quantity , ship_date) values (2415 , 1 , 601 , 12 , '1993-11-20') ;
Insert into sales_order_items (id , line_id , prod_id , quantity , ship_date) values (2416 , 1 , 700 , 36 , '1993-11-19') ;
Insert into sales_order_items (id , line_id , prod_id , quantity , ship_date) values (2417 , 1 , 302 , 12 , '1993-11-19') ;
Insert into sales_order_items (id , line_id , prod_id , quantity , ship_date) values (2418 , 1 , 300 , 24 , '1993-11-23') ;
Insert into sales_order_items (id , line_id , prod_id , quantity , ship_date) values (2418 , 2 , 301 , 12 , '1993-11-23') ;
Insert into sales_order_items (id , line_id , prod_id , quantity , ship_date) values (2419 , 1 , 302 , 24 , '1993-11-20') ;
Insert into sales_order_items (id , line_id , prod_id , quantity , ship_date) values (2420 , 1 , 400 , 36 , '1993-11-24') ;
Insert into sales_order_items (id , line_id , prod_id , quantity , ship_date) values (2421 , 1 , 401 , 48 , '1993-11-24') ;
Insert into sales_order_items (id , line_id , prod_id , quantity , ship_date) values (2422 , 1 , 500 , 36 , '1993-11-23') ;
Insert into sales_order_items (id , line_id , prod_id , quantity , ship_date) values (2423 , 1 , 501 , 12 , '1993-11-25') ;
Insert into sales_order_items (id , line_id , prod_id , quantity , ship_date) values (2423 , 2 , 600 , 24 , '1993-11-25') ;
Insert into sales_order_items (id , line_id , prod_id , quantity , ship_date) values (2424 , 1 , 601 , 36 , '1993-11-25') ;
Insert into sales_order_items (id , line_id , prod_id , quantity , ship_date) values (2425 , 1 , 600 , 24 , '1993-11-25') ;
Insert into sales_order_items (id , line_id , prod_id , quantity , ship_date) values (2425 , 2 , 700 , 12 , '1993-11-25') ;
Insert into sales_order_items (id , line_id , prod_id , quantity , ship_date) values (2426 , 1 , 300 , 12 , '1993-11-30') ;
Insert into sales_order_items (id , line_id , prod_id , quantity , ship_date) values (2426 , 2 , 301 , 24 , '1993-11-30') ;
Insert into sales_order_items (id , line_id , prod_id , quantity , ship_date) values (2426 , 3 , 302 , 24 , '1993-11-30') ;
Insert into sales_order_items (id , line_id , prod_id , quantity , ship_date) values (2427 , 1 , 700 , 36 , '1993-11-25') ;
Insert into sales_order_items (id , line_id , prod_id , quantity , ship_date) values (2428 , 1 , 400 , 12 , '1993-12-01') ;
Insert into sales_order_items (id , line_id , prod_id , quantity , ship_date) values (2428 , 2 , 401 , 24 , '1993-12-01') ;
Insert into sales_order_items (id , line_id , prod_id , quantity , ship_date) values (2429 , 1 , 500 , 24 , '1993-11-30') ;
Insert into sales_order_items (id , line_id , prod_id , quantity , ship_date) values (2430 , 1 , 501 , 12 , '1993-12-02') ;
Insert into sales_order_items (id , line_id , prod_id , quantity , ship_date) values (2430 , 2 , 600 , 24 , '1993-12-02') ;
Insert into sales_order_items (id , line_id , prod_id , quantity , ship_date) values (2431 , 1 , 601 , 36 , '1993-12-01') ;
Insert into sales_order_items (id , line_id , prod_id , quantity , ship_date) values (2432 , 1 , 300 , 24 , '1993-12-03') ;
Insert into sales_order_items (id , line_id , prod_id , quantity , ship_date) values (2432 , 2 , 700 , 12 , '1993-12-03') ;
Insert into sales_order_items (id , line_id , prod_id , quantity , ship_date) values (2433 , 1 , 301 , 36 , '1993-12-03') ;
Insert into sales_order_items (id , line_id , prod_id , quantity , ship_date) values (2434 , 1 , 302 , 12 , '1993-12-04') ;
Insert into sales_order_items (id , line_id , prod_id , quantity , ship_date) values (2434 , 2 , 400 , 24 , '1993-12-04') ;
Insert into sales_order_items (id , line_id , prod_id , quantity , ship_date) values (2435 , 1 , 401 , 24 , '1993-12-04') ;
Insert into sales_order_items (id , line_id , prod_id , quantity , ship_date) values (2436 , 1 , 500 , 36 , '1993-12-07') ;
Insert into sales_order_items (id , line_id , prod_id , quantity , ship_date) values (2436 , 2 , 501 , 24 , '1993-12-07') ;
Insert into sales_order_items (id , line_id , prod_id , quantity , ship_date) values (2437 , 1 , 600 , 12 , '1993-12-04') ;
Insert into sales_order_items (id , line_id , prod_id , quantity , ship_date) values (2438 , 1 , 601 , 24 , '1993-12-08') ;
Insert into sales_order_items (id , line_id , prod_id , quantity , ship_date) values (2438 , 2 , 700 , 36 , '1993-12-08') ;
Insert into sales_order_items (id , line_id , prod_id , quantity , ship_date) values (2439 , 1 , 300 , 12 , '1993-12-07') ;
Insert into sales_order_items (id , line_id , prod_id , quantity , ship_date) values (2439 , 2 , 301 , 12 , '1993-12-07') ;
Insert into sales_order_items (id , line_id , prod_id , quantity , ship_date) values (2440 , 1 , 400 , 24 , '1993-12-09') ;
Insert into sales_order_items (id , line_id , prod_id , quantity , ship_date) values (2440 , 2 , 401 , 12 , '1993-12-09') ;
Insert into sales_order_items (id , line_id , prod_id , quantity , ship_date) values (2441 , 1 , 500 , 36 , '1993-12-08') ;
Insert into sales_order_items (id , line_id , prod_id , quantity , ship_date) values (2441 , 2 , 501 , 36 , '1993-12-08') ;
Insert into sales_order_items (id , line_id , prod_id , quantity , ship_date) values (2442 , 1 , 700 , 12 , '1993-12-09') ;
Insert into sales_order_items (id , line_id , prod_id , quantity , ship_date) values (2443 , 1 , 600 , 24 , '1993-12-10') ;
Insert into sales_order_items (id , line_id , prod_id , quantity , ship_date) values (2443 , 2 , 601 , 12 , '1993-12-10') ;
Insert into sales_order_items (id , line_id , prod_id , quantity , ship_date) values (2444 , 1 , 300 , 24 , '1993-12-09') ;
Insert into sales_order_items (id , line_id , prod_id , quantity , ship_date) values (2445 , 1 , 301 , 36 , '1993-12-11') ;
Insert into sales_order_items (id , line_id , prod_id , quantity , ship_date) values (2445 , 2 , 302 , 24 , '1993-12-11') ;
Insert into sales_order_items (id , line_id , prod_id , quantity , ship_date) values (2446 , 1 , 400 , 36 , '1993-12-11') ;
Insert into sales_order_items (id , line_id , prod_id , quantity , ship_date) values (2446 , 2 , 401 , 24 , '1993-12-11') ;
Insert into sales_order_items (id , line_id , prod_id , quantity , ship_date) values (2447 , 1 , 500 , 12 , '1993-12-14') ;
Insert into sales_order_items (id , line_id , prod_id , quantity , ship_date) values (2447 , 2 , 501 , 24 , '1993-12-14') ;
Insert into sales_order_items (id , line_id , prod_id , quantity , ship_date) values (2448 , 1 , 600 , 12 , '1993-12-11') ;
Insert into sales_order_items (id , line_id , prod_id , quantity , ship_date) values (2449 , 1 , 601 , 24 , '1993-12-15') ;
Insert into sales_order_items (id , line_id , prod_id , quantity , ship_date) values (2449 , 2 , 700 , 36 , '1993-12-15') ;
Insert into sales_order_items (id , line_id , prod_id , quantity , ship_date) values (2450 , 1 , 300 , 12 , '1993-12-14') ;
Insert into sales_order_items (id , line_id , prod_id , quantity , ship_date) values (2451 , 1 , 301 , 24 , '1993-12-16') ;
Insert into sales_order_items (id , line_id , prod_id , quantity , ship_date) values (2451 , 2 , 302 , 12 , '1993-12-16') ;
Insert into sales_order_items (id , line_id , prod_id , quantity , ship_date) values (2452 , 1 , 400 , 24 , '1993-12-16') ;
Insert into sales_order_items (id , line_id , prod_id , quantity , ship_date) values (2453 , 1 , 401 , 12 , '1993-12-17') ;
Insert into sales_order_items (id , line_id , prod_id , quantity , ship_date) values (2453 , 2 , 500 , 12 , '1993-12-17') ;
Insert into sales_order_items (id , line_id , prod_id , quantity , ship_date) values (2454 , 1 , 501 , 36 , '1993-12-17') ;
Insert into sales_order_items (id , line_id , prod_id , quantity , ship_date) values (2455 , 1 , 600 , 24 , '1993-12-18') ;
Insert into sales_order_items (id , line_id , prod_id , quantity , ship_date) values (2455 , 2 , 601 , 24 , '1993-12-18') ;
Insert into sales_order_items (id , line_id , prod_id , quantity , ship_date) values (2456 , 1 , 700 , 12 , '1993-12-17') ;
Insert into sales_order_items (id , line_id , prod_id , quantity , ship_date) values (2457 , 1 , 300 , 12 , '1993-12-17') ;
Insert into sales_order_items (id , line_id , prod_id , quantity , ship_date) values (2458 , 1 , 301 , 24 , '1993-12-18') ;
Insert into sales_order_items (id , line_id , prod_id , quantity , ship_date) values (2458 , 2 , 302 , 24 , '1993-12-18') ;
Insert into sales_order_items (id , line_id , prod_id , quantity , ship_date) values (2459 , 1 , 400 , 12 , '1993-12-22') ;
Insert into sales_order_items (id , line_id , prod_id , quantity , ship_date) values (2459 , 2 , 401 , 24 , '1993-12-22') ;
Insert into sales_order_items (id , line_id , prod_id , quantity , ship_date) values (2460 , 1 , 500 , 12 , '1993-12-22') ;
Insert into sales_order_items (id , line_id , prod_id , quantity , ship_date) values (2460 , 2 , 501 , 24 , '1993-12-22') ;
Insert into sales_order_items (id , line_id , prod_id , quantity , ship_date) values (2461 , 1 , 600 , 36 , '1993-12-23') ;
Insert into sales_order_items (id , line_id , prod_id , quantity , ship_date) values (2461 , 2 , 601 , 48 , '1993-12-23') ;
Insert into sales_order_items (id , line_id , prod_id , quantity , ship_date) values (2462 , 1 , 401 , 12 , '1993-12-24') ;
Insert into sales_order_items (id , line_id , prod_id , quantity , ship_date) values (2462 , 2 , 700 , 60 , '1993-12-22') ;
Insert into sales_order_items (id , line_id , prod_id , quantity , ship_date) values (2463 , 1 , 300 , 36 , '1993-12-23') ;
Insert into sales_order_items (id , line_id , prod_id , quantity , ship_date) values (2463 , 2 , 301 , 24 , '1993-12-23') ;
Insert into sales_order_items (id , line_id , prod_id , quantity , ship_date) values (2463 , 3 , 500 , 24 , '1993-12-28') ;
Insert into sales_order_items (id , line_id , prod_id , quantity , ship_date) values (2463 , 4 , 501 , 12 , '1993-12-28') ;
Insert into sales_order_items (id , line_id , prod_id , quantity , ship_date) values (2464 , 1 , 400 , 12 , '1993-12-24') ;
Insert into sales_order_items (id , line_id , prod_id , quantity , ship_date) values (2464 , 2 , 600 , 36 , '1993-12-29') ;
Insert into sales_order_items (id , line_id , prod_id , quantity , ship_date) values (2464 , 3 , 601 , 48 , '1993-12-29') ;
Insert into sales_order_items (id , line_id , prod_id , quantity , ship_date) values (2465 , 1 , 400 , 12 , '1993-12-29') ;
Insert into sales_order_items (id , line_id , prod_id , quantity , ship_date) values (2465 , 2 , 700 , 24 , '1993-12-29') ;
Insert into sales_order_items (id , line_id , prod_id , quantity , ship_date) values (2466 , 1 , 500 , 12 , '1993-12-30') ;
Insert into sales_order_items (id , line_id , prod_id , quantity , ship_date) values (2466 , 2 , 501 , 24 , '1993-12-29') ;
Insert into sales_order_items (id , line_id , prod_id , quantity , ship_date) values (2467 , 1 , 600 , 36 , '1993-12-29') ;
Insert into sales_order_items (id , line_id , prod_id , quantity , ship_date) values (2468 , 1 , 300 , 24 , '1993-12-31') ;
Insert into sales_order_items (id , line_id , prod_id , quantity , ship_date) values (2468 , 2 , 700 , 24 , '1993-12-31') ;
Insert into sales_order_items (id , line_id , prod_id , quantity , ship_date) values (2469 , 1 , 400 , 12 , '1993-12-20') ;
Insert into sales_order_items (id , line_id , prod_id , quantity , ship_date) values (2470 , 1 , 500 , 12 , '1993-12-31') ;
Insert into sales_order_items (id , line_id , prod_id , quantity , ship_date) values (2471 , 1 , 600 , 24 , '1993-12-31') ;
Insert into sales_order_items (id , line_id , prod_id , quantity , ship_date) values (2472 , 1 , 700 , 60 , '1993-12-31') ;
Insert into sales_order_items (id , line_id , prod_id , quantity , ship_date) values (2473 , 1 , 300 , 12 , '1994-01-05') ;
Insert into sales_order_items (id , line_id , prod_id , quantity , ship_date) values (2473 , 2 , 301 , 24 , '1994-01-05') ;
Insert into sales_order_items (id , line_id , prod_id , quantity , ship_date) values (2474 , 1 , 400 , 36 , '1994-01-04') ;
Insert into sales_order_items (id , line_id , prod_id , quantity , ship_date) values (2474 , 2 , 401 , 24 , '1994-01-04') ;
Insert into sales_order_items (id , line_id , prod_id , quantity , ship_date) values (2475 , 1 , 500 , 36 , '1994-01-06') ;
Insert into sales_order_items (id , line_id , prod_id , quantity , ship_date) values (2475 , 2 , 501 , 24 , '1994-01-06') ;
Insert into sales_order_items (id , line_id , prod_id , quantity , ship_date) values (2476 , 1 , 700 , 60 , '1994-01-07') ;
Insert into sales_order_items (id , line_id , prod_id , quantity , ship_date) values (2477 , 1 , 300 , 36 , '1994-01-07') ;
Insert into sales_order_items (id , line_id , prod_id , quantity , ship_date) values (2477 , 2 , 302 , 24 , '1994-01-07') ;
Insert into sales_order_items (id , line_id , prod_id , quantity , ship_date) values (2478 , 1 , 400 , 12 , '1994-01-08') ;
Insert into sales_order_items (id , line_id , prod_id , quantity , ship_date) values (2478 , 2 , 401 , 24 , '1994-01-08') ;
Insert into sales_order_items (id , line_id , prod_id , quantity , ship_date) values (2479 , 1 , 500 , 36 , '1994-01-07') ;
Insert into sales_order_items (id , line_id , prod_id , quantity , ship_date) values (2479 , 2 , 501 , 24 , '1994-01-07') ;
Insert into sales_order_items (id , line_id , prod_id , quantity , ship_date) values (2480 , 1 , 600 , 24 , '1994-01-11') ;
Insert into sales_order_items (id , line_id , prod_id , quantity , ship_date) values (2480 , 2 , 601 , 12 , '1994-01-11') ;
Insert into sales_order_items (id , line_id , prod_id , quantity , ship_date) values (2481 , 1 , 302 , 12 , '1994-01-11') ;
Insert into sales_order_items (id , line_id , prod_id , quantity , ship_date) values (2481 , 2 , 700 , 72 , '1994-01-11') ;
Insert into sales_order_items (id , line_id , prod_id , quantity , ship_date) values (2482 , 1 , 300 , 24 , '1994-01-12') ;
Insert into sales_order_items (id , line_id , prod_id , quantity , ship_date) values (2482 , 2 , 301 , 24 , '1994-01-12') ;
Insert into sales_order_items (id , line_id , prod_id , quantity , ship_date) values (2483 , 1 , 700 , 36 , '1994-01-12') ;
Insert into sales_order_items (id , line_id , prod_id , quantity , ship_date) values (2484 , 1 , 401 , 24 , '1994-01-14') ;
Insert into sales_order_items (id , line_id , prod_id , quantity , ship_date) values (2485 , 1 , 500 , 24 , '1994-01-14') ;
Insert into sales_order_items (id , line_id , prod_id , quantity , ship_date) values (2485 , 2 , 501 , 12 , '1994-01-14') ;
Insert into sales_order_items (id , line_id , prod_id , quantity , ship_date) values (2486 , 1 , 600 , 36 , '1994-01-15') ;
Insert into sales_order_items (id , line_id , prod_id , quantity , ship_date) values (2486 , 2 , 601 , 24 , '1994-01-15') ;
Insert into sales_order_items (id , line_id , prod_id , quantity , ship_date) values (2487 , 1 , 700 , 48 , '1994-01-15') ;
Insert into sales_order_items (id , line_id , prod_id , quantity , ship_date) values (2488 , 1 , 300 , 12 , '1994-01-18') ;
Insert into sales_order_items (id , line_id , prod_id , quantity , ship_date) values (2488 , 2 , 301 , 12 , '1994-01-18') ;
Insert into sales_order_items (id , line_id , prod_id , quantity , ship_date) values (2489 , 1 , 400 , 24 , '1994-01-18') ;
Insert into sales_order_items (id , line_id , prod_id , quantity , ship_date) values (2489 , 2 , 401 , 24 , '1994-01-18') ;
Insert into sales_order_items (id , line_id , prod_id , quantity , ship_date) values (2490 , 1 , 500 , 36 , '1994-01-19') ;
Insert into sales_order_items (id , line_id , prod_id , quantity , ship_date) values (2490 , 2 , 501 , 36 , '1994-01-19') ;
Insert into sales_order_items (id , line_id , prod_id , quantity , ship_date) values (2491 , 1 , 600 , 24 , '1994-01-19') ;
Insert into sales_order_items (id , line_id , prod_id , quantity , ship_date) values (2491 , 2 , 601 , 24 , '1994-01-19') ;
Insert into sales_order_items (id , line_id , prod_id , quantity , ship_date) values (2492 , 1 , 300 , 12 , '1994-01-20') ;
Insert into sales_order_items (id , line_id , prod_id , quantity , ship_date) values (2492 , 2 , 301 , 12 , '1994-01-20') ;
Insert into sales_order_items (id , line_id , prod_id , quantity , ship_date) values (2493 , 1 , 400 , 24 , '1994-01-21') ;
Insert into sales_order_items (id , line_id , prod_id , quantity , ship_date) values (2493 , 2 , 401 , 12 , '1994-01-21') ;
Insert into sales_order_items (id , line_id , prod_id , quantity , ship_date) values (2494 , 1 , 500 , 36 , '1994-01-21') ;
Insert into sales_order_items (id , line_id , prod_id , quantity , ship_date) values (2495 , 1 , 600 , 24 , '1994-01-22') ;
Insert into sales_order_items (id , line_id , prod_id , quantity , ship_date) values (2495 , 2 , 601 , 12 , '1994-01-22') ;
Insert into sales_order_items (id , line_id , prod_id , quantity , ship_date) values (2496 , 1 , 500 , 24 , '1994-01-25') ;
Insert into sales_order_items (id , line_id , prod_id , quantity , ship_date) values (2496 , 2 , 501 , 12 , '1994-01-25') ;
Insert into sales_order_items (id , line_id , prod_id , quantity , ship_date) values (2497 , 1 , 700 , 48 , '1994-01-25') ;
Insert into sales_order_items (id , line_id , prod_id , quantity , ship_date) values (2498 , 1 , 300 , 12 , '1994-01-26') ;
Insert into sales_order_items (id , line_id , prod_id , quantity , ship_date) values (2498 , 2 , 301 , 12 , '1994-01-26') ;
Insert into sales_order_items (id , line_id , prod_id , quantity , ship_date) values (2499 , 1 , 400 , 24 , '1994-01-26') ;
Insert into sales_order_items (id , line_id , prod_id , quantity , ship_date) values (2499 , 2 , 401 , 24 , '1994-01-26') ;
Insert into sales_order_items (id , line_id , prod_id , quantity , ship_date) values (2500 , 1 , 302 , 36 , '1994-01-27') ;
Insert into sales_order_items (id , line_id , prod_id , quantity , ship_date) values (2500 , 2 , 700 , 48 , '1994-01-27') ;
Insert into sales_order_items (id , line_id , prod_id , quantity , ship_date) values (2501 , 1 , 500 , 12 , '1994-01-26') ;
Insert into sales_order_items (id , line_id , prod_id , quantity , ship_date) values (2501 , 2 , 501 , 12 , '1994-01-26') ;
Insert into sales_order_items (id , line_id , prod_id , quantity , ship_date) values (2502 , 1 , 600 , 24 , '1994-01-28') ;
Insert into sales_order_items (id , line_id , prod_id , quantity , ship_date) values (2502 , 2 , 601 , 24 , '1994-01-28') ;
Insert into sales_order_items (id , line_id , prod_id , quantity , ship_date) values (2503 , 1 , 700 , 12 , '1994-01-27') ;
Insert into sales_order_items (id , line_id , prod_id , quantity , ship_date) values (2504 , 1 , 300 , 24 , '1994-01-29') ;
Insert into sales_order_items (id , line_id , prod_id , quantity , ship_date) values (2504 , 2 , 301 , 24 , '1994-01-29') ;
Insert into sales_order_items (id , line_id , prod_id , quantity , ship_date) values (2505 , 1 , 700 , 12 , '1994-01-28') ;
Insert into sales_order_items (id , line_id , prod_id , quantity , ship_date) values (2506 , 1 , 400 , 36 , '1994-01-29') ;
Insert into sales_order_items (id , line_id , prod_id , quantity , ship_date) values (2506 , 2 , 401 , 24 , '1994-01-29') ;
Insert into sales_order_items (id , line_id , prod_id , quantity , ship_date) values (2507 , 1 , 500 , 12 , '1994-02-01') ;
Insert into sales_order_items (id , line_id , prod_id , quantity , ship_date) values (2507 , 2 , 501 , 12 , '1994-02-01') ;
Insert into sales_order_items (id , line_id , prod_id , quantity , ship_date) values (2508 , 1 , 300 , 36 , '1994-02-02') ;
Insert into sales_order_items (id , line_id , prod_id , quantity , ship_date) values (2508 , 2 , 302 , 36 , '1994-02-02') ;
Insert into sales_order_items (id , line_id , prod_id , quantity , ship_date) values (2509 , 1 , 301 , 24 , '1994-02-03') ;
Insert into sales_order_items (id , line_id , prod_id , quantity , ship_date) values (2509 , 2 , 400 , 12 , '1994-02-03') ;
Insert into sales_order_items (id , line_id , prod_id , quantity , ship_date) values (2510 , 1 , 500 , 36 , '1994-02-04') ;
Insert into sales_order_items (id , line_id , prod_id , quantity , ship_date) values (2510 , 2 , 501 , 24 , '1994-02-04') ;
Insert into sales_order_items (id , line_id , prod_id , quantity , ship_date) values (2511 , 1 , 600 , 12 , '1994-02-05') ;
Insert into sales_order_items (id , line_id , prod_id , quantity , ship_date) values (2511 , 2 , 601 , 24 , '1994-02-05') ;
Insert into sales_order_items (id , line_id , prod_id , quantity , ship_date) values (2512 , 1 , 700 , 60 , '1994-02-05') ;
Insert into sales_order_items (id , line_id , prod_id , quantity , ship_date) values (2513 , 1 , 300 , 12 , '1994-02-08') ;
Insert into sales_order_items (id , line_id , prod_id , quantity , ship_date) values (2513 , 2 , 301 , 12 , '1994-02-08') ;
Insert into sales_order_items (id , line_id , prod_id , quantity , ship_date) values (2513 , 3 , 302 , 12 , '1994-02-08') ;
Insert into sales_order_items (id , line_id , prod_id , quantity , ship_date) values (2514 , 1 , 400 , 24 , '1994-02-09') ;
Insert into sales_order_items (id , line_id , prod_id , quantity , ship_date) values (2514 , 2 , 401 , 24 , '1994-02-09') ;
Insert into sales_order_items (id , line_id , prod_id , quantity , ship_date) values (2515 , 1 , 500 , 36 , '1994-02-09') ;
Insert into sales_order_items (id , line_id , prod_id , quantity , ship_date) values (2515 , 2 , 501 , 36 , '1994-02-09') ;
Insert into sales_order_items (id , line_id , prod_id , quantity , ship_date) values (2516 , 1 , 600 , 12 , '1994-02-10') ;
Insert into sales_order_items (id , line_id , prod_id , quantity , ship_date) values (2516 , 2 , 601 , 12 , '1994-02-10') ;
Insert into sales_order_items (id , line_id , prod_id , quantity , ship_date) values (2517 , 1 , 700 , 48 , '1994-02-10') ;
Insert into sales_order_items (id , line_id , prod_id , quantity , ship_date) values (2518 , 1 , 300 , 24 , '1994-02-10') ;
Insert into sales_order_items (id , line_id , prod_id , quantity , ship_date) values (2518 , 2 , 301 , 24 , '1994-02-10') ;
Insert into sales_order_items (id , line_id , prod_id , quantity , ship_date) values (2519 , 1 , 400 , 36 , '1994-02-11') ;
Insert into sales_order_items (id , line_id , prod_id , quantity , ship_date) values (2520 , 1 , 500 , 12 , '1994-02-12') ;
Insert into sales_order_items (id , line_id , prod_id , quantity , ship_date) values (2520 , 2 , 501 , 24 , '1994-02-12') ;
Insert into sales_order_items (id , line_id , prod_id , quantity , ship_date) values (2521 , 1 , 600 , 36 , '1994-02-12') ;
Insert into sales_order_items (id , line_id , prod_id , quantity , ship_date) values (2521 , 2 , 601 , 36 , '1994-02-12') ;
Insert into sales_order_items (id , line_id , prod_id , quantity , ship_date) values (2522 , 1 , 700 , 60 , '1994-02-12') ;
Insert into sales_order_items (id , line_id , prod_id , quantity , ship_date) values (2523 , 1 , 700 , 12 , '1994-02-16') ;
Insert into sales_order_items (id , line_id , prod_id , quantity , ship_date) values (2524 , 1 , 300 , 24 , '1994-02-17') ;
Insert into sales_order_items (id , line_id , prod_id , quantity , ship_date) values (2524 , 2 , 302 , 24 , '1994-02-17') ;
Insert into sales_order_items (id , line_id , prod_id , quantity , ship_date) values (2525 , 1 , 400 , 24 , '1994-02-18') ;
Insert into sales_order_items (id , line_id , prod_id , quantity , ship_date) values (2525 , 2 , 401 , 25 , '1994-02-18') ;
Insert into sales_order_items (id , line_id , prod_id , quantity , ship_date) values (2526 , 1 , 302 , 12 , '1994-02-19') ;
Insert into sales_order_items (id , line_id , prod_id , quantity , ship_date) values (2526 , 2 , 700 , 12 , '1994-02-19') ;
Insert into sales_order_items (id , line_id , prod_id , quantity , ship_date) values (2527 , 1 , 400 , 36 , '1994-02-19') ;
Insert into sales_order_items (id , line_id , prod_id , quantity , ship_date) values (2528 , 1 , 500 , 48 , '1994-02-22') ;
Insert into sales_order_items (id , line_id , prod_id , quantity , ship_date) values (2528 , 2 , 700 , 36 , '1994-02-22') ;
Insert into sales_order_items (id , line_id , prod_id , quantity , ship_date) values (2529 , 1 , 300 , 12 , '1994-02-23') ;
Insert into sales_order_items (id , line_id , prod_id , quantity , ship_date) values (2529 , 2 , 301 , 12 , '1994-02-23') ;
Insert into sales_order_items (id , line_id , prod_id , quantity , ship_date) values (2530 , 1 , 400 , 24 , '1994-02-23') ;
Insert into sales_order_items (id , line_id , prod_id , quantity , ship_date) values (2531 , 1 , 500 , 36 , '1994-02-24') ;
Insert into sales_order_items (id , line_id , prod_id , quantity , ship_date) values (2531 , 2 , 501 , 36 , '1994-02-24') ;
Insert into sales_order_items (id , line_id , prod_id , quantity , ship_date) values (2532 , 1 , 600 , 12 , '1994-02-23') ;
Insert into sales_order_items (id , line_id , prod_id , quantity , ship_date) values (2533 , 1 , 400 , 24 , '1994-02-25') ;
Insert into sales_order_items (id , line_id , prod_id , quantity , ship_date) values (2533 , 2 , 401 , 24 , '1994-02-25') ;
Insert into sales_order_items (id , line_id , prod_id , quantity , ship_date) values (2534 , 1 , 301 , 12 , '1994-02-25') ;
Insert into sales_order_items (id , line_id , prod_id , quantity , ship_date) values (2535 , 1 , 300 , 24 , '1994-02-26') ;
Insert into sales_order_items (id , line_id , prod_id , quantity , ship_date) values (2535 , 2 , 301 , 24 , '1994-02-26') ;
Insert into sales_order_items (id , line_id , prod_id , quantity , ship_date) values (2535 , 3 , 302 , 24 , '1994-02-26') ;
Insert into sales_order_items (id , line_id , prod_id , quantity , ship_date) values (2536 , 1 , 700 , 48 , '1994-02-26') ;
Insert into sales_order_items (id , line_id , prod_id , quantity , ship_date) values (2537 , 1 , 600 , 24 , '1994-03-01') ;
Insert into sales_order_items (id , line_id , prod_id , quantity , ship_date) values (2537 , 2 , 601 , 12 , '1994-03-01') ;
Insert into sales_order_items (id , line_id , prod_id , quantity , ship_date) values (2538 , 1 , 300 , 12 , '1994-03-02') ;
Insert into sales_order_items (id , line_id , prod_id , quantity , ship_date) values (2538 , 2 , 301 , 24 , '1994-03-02') ;
Insert into sales_order_items (id , line_id , prod_id , quantity , ship_date) values (2539 , 1 , 400 , 36 , '1994-03-02') ;
Insert into sales_order_items (id , line_id , prod_id , quantity , ship_date) values (2539 , 2 , 401 , 36 , '1994-03-02') ;
Insert into sales_order_items (id , line_id , prod_id , quantity , ship_date) values (2540 , 1 , 500 , 12 , '1994-03-03') ;
Insert into sales_order_items (id , line_id , prod_id , quantity , ship_date) values (2540 , 2 , 501 , 12 , '1994-03-03') ;
Insert into sales_order_items (id , line_id , prod_id , quantity , ship_date) values (2541 , 1 , 700 , 24 , '1994-03-02') ;
Insert into sales_order_items (id , line_id , prod_id , quantity , ship_date) values (2542 , 1 , 400 , 48 , '1994-03-04') ;
Insert into sales_order_items (id , line_id , prod_id , quantity , ship_date) values (2542 , 2 , 401 , 48 , '1994-03-04') ;
Insert into sales_order_items (id , line_id , prod_id , quantity , ship_date) values (2543 , 1 , 500 , 12 , '1994-03-04') ;
Insert into sales_order_items (id , line_id , prod_id , quantity , ship_date) values (2544 , 1 , 300 , 12 , '1994-03-05') ;
Insert into sales_order_items (id , line_id , prod_id , quantity , ship_date) values (2544 , 2 , 301 , 12 , '1994-03-05') ;
Insert into sales_order_items (id , line_id , prod_id , quantity , ship_date) values (2545 , 1 , 302 , 24 , '1994-03-05') ;
Insert into sales_order_items (id , line_id , prod_id , quantity , ship_date) values (2546 , 1 , 400 , 36 , '1994-03-08') ;
Insert into sales_order_items (id , line_id , prod_id , quantity , ship_date) values (2546 , 2 , 401 , 36 , '1994-03-08') ;
Insert into sales_order_items (id , line_id , prod_id , quantity , ship_date) values (2547 , 1 , 500 , 24 , '1994-03-08') ;
Insert into sales_order_items (id , line_id , prod_id , quantity , ship_date) values (2547 , 2 , 501 , 12 , '1994-03-08') ;
Insert into sales_order_items (id , line_id , prod_id , quantity , ship_date) values (2548 , 1 , 600 , 24 , '1994-03-08') ;
Insert into sales_order_items (id , line_id , prod_id , quantity , ship_date) values (2549 , 1 , 300 , 12 , '1994-03-09') ;
Insert into sales_order_items (id , line_id , prod_id , quantity , ship_date) values (2549 , 2 , 301 , 12 , '1994-03-09') ;
Insert into sales_order_items (id , line_id , prod_id , quantity , ship_date) values (2550 , 1 , 302 , 24 , '1994-03-09') ;
Insert into sales_order_items (id , line_id , prod_id , quantity , ship_date) values (2551 , 1 , 700 , 12 , '1994-03-10') ;
Insert into sales_order_items (id , line_id , prod_id , quantity , ship_date) values (2552 , 1 , 300 , 36 , '1994-03-11') ;
Insert into sales_order_items (id , line_id , prod_id , quantity , ship_date) values (2552 , 2 , 301 , 36 , '1994-03-11') ;
Insert into sales_order_items (id , line_id , prod_id , quantity , ship_date) values (2553 , 1 , 302 , 24 , '1994-03-11') ;
Insert into sales_order_items (id , line_id , prod_id , quantity , ship_date) values (2554 , 1 , 400 , 12 , '1994-03-12') ;
Insert into sales_order_items (id , line_id , prod_id , quantity , ship_date) values (2554 , 2 , 401 , 12 , '1994-03-12') ;
Insert into sales_order_items (id , line_id , prod_id , quantity , ship_date) values (2555 , 1 , 500 , 36 , '1994-03-12') ;
Insert into sales_order_items (id , line_id , prod_id , quantity , ship_date) values (2556 , 1 , 600 , 24 , '1994-03-12') ;
Insert into sales_order_items (id , line_id , prod_id , quantity , ship_date) values (2556 , 2 , 601 , 24 , '1994-03-12') ;
Insert into sales_order_items (id , line_id , prod_id , quantity , ship_date) values (2557 , 1 , 300 , 12 , '1994-03-15') ;
Insert into sales_order_items (id , line_id , prod_id , quantity , ship_date) values (2557 , 2 , 301 , 12 , '1994-03-15') ;
Insert into sales_order_items (id , line_id , prod_id , quantity , ship_date) values (2558 , 1 , 400 , 24 , '1994-03-15') ;
Insert into sales_order_items (id , line_id , prod_id , quantity , ship_date) values (2559 , 1 , 700 , 60 , '1994-03-16') ;
Insert into sales_order_items (id , line_id , prod_id , quantity , ship_date) values (2560 , 1 , 300 , 24 , '1994-03-17') ;
Insert into sales_order_items (id , line_id , prod_id , quantity , ship_date) values (2560 , 2 , 301 , 24 , '1994-03-17') ;
Insert into sales_order_items (id , line_id , prod_id , quantity , ship_date) values (2561 , 1 , 400 , 12 , '1994-03-17') ;
Insert into sales_order_items (id , line_id , prod_id , quantity , ship_date) values (2561 , 2 , 401 , 12 , '1994-03-17') ;
Insert into sales_order_items (id , line_id , prod_id , quantity , ship_date) values (2562 , 1 , 302 , 48 , '1994-03-18') ;
Insert into sales_order_items (id , line_id , prod_id , quantity , ship_date) values (2562 , 2 , 400 , 36 , '1994-03-18') ;
Insert into sales_order_items (id , line_id , prod_id , quantity , ship_date) values (2563 , 1 , 302 , 12 , '1994-03-18') ;
Insert into sales_order_items (id , line_id , prod_id , quantity , ship_date) values (2563 , 2 , 700 , 24 , '1994-03-18') ;
Insert into sales_order_items (id , line_id , prod_id , quantity , ship_date) values (2564 , 1 , 301 , 12 , '1994-03-22') ;
Insert into sales_order_items (id , line_id , prod_id , quantity , ship_date) values (2564 , 2 , 302 , 12 , '1994-03-22') ;
Insert into sales_order_items (id , line_id , prod_id , quantity , ship_date) values (2565 , 1 , 400 , 36 , '1994-03-22') ;
Insert into sales_order_items (id , line_id , prod_id , quantity , ship_date) values (2566 , 1 , 500 , 24 , '1994-03-23') ;
Insert into sales_order_items (id , line_id , prod_id , quantity , ship_date) values (2566 , 2 , 501 , 24 , '1994-03-23') ;
Insert into sales_order_items (id , line_id , prod_id , quantity , ship_date) values (2567 , 1 , 401 , 48 , '1994-03-22') ;
Insert into sales_order_items (id , line_id , prod_id , quantity , ship_date) values (2568 , 1 , 600 , 36 , '1994-03-24') ;
Insert into sales_order_items (id , line_id , prod_id , quantity , ship_date) values (2568 , 2 , 601 , 36 , '1994-03-24') ;
Insert into sales_order_items (id , line_id , prod_id , quantity , ship_date) values (2569 , 1 , 300 , 12 , '1994-03-24') ;
Insert into sales_order_items (id , line_id , prod_id , quantity , ship_date) values (2569 , 2 , 700 , 24 , '1994-03-24') ;
Insert into sales_order_items (id , line_id , prod_id , quantity , ship_date) values (2570 , 1 , 400 , 36 , '1994-03-25') ;
Insert into sales_order_items (id , line_id , prod_id , quantity , ship_date) values (2570 , 2 , 401 , 24 , '1994-03-25') ;
Insert into sales_order_items (id , line_id , prod_id , quantity , ship_date) values (2571 , 1 , 302 , 12 , '1994-03-25') ;
Insert into sales_order_items (id , line_id , prod_id , quantity , ship_date) values (2571 , 2 , 700 , 12 , '1994-03-25') ;
Insert into sales_order_items (id , line_id , prod_id , quantity , ship_date) values (2572 , 1 , 600 , 72 , '1994-03-25') ;
Insert into sales_order_items (id , line_id , prod_id , quantity , ship_date) values (2573 , 1 , 300 , 24 , '1994-03-26') ;
Insert into sales_order_items (id , line_id , prod_id , quantity , ship_date) values (2573 , 2 , 302 , 24 , '1994-03-26') ;
Insert into sales_order_items (id , line_id , prod_id , quantity , ship_date) values (2574 , 1 , 301 , 48 , '1994-03-25') ;
Insert into sales_order_items (id , line_id , prod_id , quantity , ship_date) values (2575 , 1 , 400 , 24 , '1994-03-29') ;
Insert into sales_order_items (id , line_id , prod_id , quantity , ship_date) values (2575 , 2 , 401 , 12 , '1994-03-29') ;
Insert into sales_order_items (id , line_id , prod_id , quantity , ship_date) values (2576 , 1 , 500 , 36 , '1994-03-29') ;
Insert into sales_order_items (id , line_id , prod_id , quantity , ship_date) values (2576 , 2 , 501 , 24 , '1994-03-29') ;
Insert into sales_order_items (id , line_id , prod_id , quantity , ship_date) values (2577 , 1 , 300 , 12 , '1994-03-30') ;
Insert into sales_order_items (id , line_id , prod_id , quantity , ship_date) values (2577 , 2 , 301 , 12 , '1994-03-30') ;
Insert into sales_order_items (id , line_id , prod_id , quantity , ship_date) values (2577 , 3 , 302 , 12 , '1994-03-30') ;
Insert into sales_order_items (id , line_id , prod_id , quantity , ship_date) values (2578 , 1 , 700 , 36 , '1994-03-20') ;
Insert into sales_order_items (id , line_id , prod_id , quantity , ship_date) values (2579 , 1 , 500 , 60 , '1994-04-02') ;
Insert into sales_order_items (id , line_id , prod_id , quantity , ship_date) values (2580 , 1 , 700 , 12 , '1994-03-30') ;
Insert into sales_order_items (id , line_id , prod_id , quantity , ship_date) values (2581 , 1 , 400 , 24 , '1994-04-01') ;
Insert into sales_order_items (id , line_id , prod_id , quantity , ship_date) values (2582 , 1 , 400 , 12 , '1994-04-02') ;
Insert into sales_order_items (id , line_id , prod_id , quantity , ship_date) values (2583 , 1 , 600 , 24 , '1994-04-06') ;
Insert into sales_order_items (id , line_id , prod_id , quantity , ship_date) values (2583 , 2 , 601 , 24 , '1994-04-06') ;
Insert into sales_order_items (id , line_id , prod_id , quantity , ship_date) values (2584 , 1 , 600 , 36 , '1994-04-07') ;
Insert into sales_order_items (id , line_id , prod_id , quantity , ship_date) values (2584 , 2 , 601 , 24 , '1994-04-07') ;
Insert into sales_order_items (id , line_id , prod_id , quantity , ship_date) values (2585 , 1 , 300 , 12 , '1994-04-09') ;
Insert into sales_order_items (id , line_id , prod_id , quantity , ship_date) values (2585 , 2 , 301 , 12 , '1994-04-09') ;
Insert into sales_order_items (id , line_id , prod_id , quantity , ship_date) values (2586 , 1 , 400 , 24 , '1994-04-12') ;
Insert into sales_order_items (id , line_id , prod_id , quantity , ship_date) values (2586 , 2 , 401 , 12 , '1994-04-12') ;
Insert into sales_order_items (id , line_id , prod_id , quantity , ship_date) values (2587 , 1 , 300 , 36 , '1994-04-13') ;
Insert into sales_order_items (id , line_id , prod_id , quantity , ship_date) values (2587 , 2 , 301 , 36 , '1994-04-13') ;
Insert into sales_order_items (id , line_id , prod_id , quantity , ship_date) values (2588 , 1 , 400 , 24 , '1994-04-14') ;
Insert into sales_order_items (id , line_id , prod_id , quantity , ship_date) values (2588 , 2 , 401 , 24 , '1994-04-14') ;
Insert into sales_order_items (id , line_id , prod_id , quantity , ship_date) values (2589 , 1 , 500 , 12 , '1994-04-14') ;
Insert into sales_order_items (id , line_id , prod_id , quantity , ship_date) values (2589 , 2 , 501 , 12 , '1994-04-14') ;
Insert into sales_order_items (id , line_id , prod_id , quantity , ship_date) values (2590 , 1 , 700 , 36 , '1994-04-15') ;
Insert into sales_order_items (id , line_id , prod_id , quantity , ship_date) values (2591 , 1 , 300 , 24 , '1994-04-15') ;
Insert into sales_order_items (id , line_id , prod_id , quantity , ship_date) values (2591 , 2 , 301 , 24 , '1994-04-15') ;
Insert into sales_order_items (id , line_id , prod_id , quantity , ship_date) values (2592 , 1 , 302 , 12 , '1994-04-14') ;
Insert into sales_order_items (id , line_id , prod_id , quantity , ship_date) values (2593 , 1 , 400 , 12 , '1994-04-19') ;
Insert into sales_order_items (id , line_id , prod_id , quantity , ship_date) values (2593 , 2 , 401 , 24 , '1994-04-19') ;
Insert into sales_order_items (id , line_id , prod_id , quantity , ship_date) values (2594 , 1 , 600 , 12 , '1994-04-19') ;
Insert into sales_order_items (id , line_id , prod_id , quantity , ship_date) values (2594 , 2 , 601 , 12 , '1994-04-19') ;
Insert into sales_order_items (id , line_id , prod_id , quantity , ship_date) values (2595 , 1 , 700 , 48 , '1994-04-19') ;
Insert into sales_order_items (id , line_id , prod_id , quantity , ship_date) values (2596 , 1 , 500 , 24 , '1994-04-20') ;
Insert into sales_order_items (id , line_id , prod_id , quantity , ship_date) values (2596 , 2 , 501 , 24 , '1994-04-20') ;
Insert into sales_order_items (id , line_id , prod_id , quantity , ship_date) values (2597 , 1 , 300 , 12 , '1994-04-20') ;
Insert into sales_order_items (id , line_id , prod_id , quantity , ship_date) values (2597 , 2 , 301 , 12 , '1994-04-20') ;
Insert into sales_order_items (id , line_id , prod_id , quantity , ship_date) values (2598 , 1 , 400 , 24 , '1994-04-21') ;
Insert into sales_order_items (id , line_id , prod_id , quantity , ship_date) values (2598 , 2 , 401 , 36 , '1994-04-21') ;
Insert into sales_order_items (id , line_id , prod_id , quantity , ship_date) values (2599 , 1 , 302 , 72 , '1994-04-20') ;
Insert into sales_order_items (id , line_id , prod_id , quantity , ship_date) values (2600 , 1 , 601 , 24 , '1994-04-21') ;
Insert into sales_order_items (id , line_id , prod_id , quantity , ship_date) values (2601 , 1 , 400 , 36 , '1994-04-22') ;
Insert into sales_order_items (id , line_id , prod_id , quantity , ship_date) values (2601 , 2 , 401 , 36 , '1994-04-22') ;
Insert into sales_order_items (id , line_id , prod_id , quantity , ship_date) values (2602 , 1 , 500 , 12 , '1994-04-22') ;
Insert into sales_order_items (id , line_id , prod_id , quantity , ship_date) values (2602 , 2 , 601 , 24 , '1994-04-22') ;
Insert into sales_order_items (id , line_id , prod_id , quantity , ship_date) values (2603 , 1 , 301 , 12 , '1994-04-23') ;
Insert into sales_order_items (id , line_id , prod_id , quantity , ship_date) values (2603 , 2 , 700 , 36 , '1994-04-23') ;
Insert into sales_order_items (id , line_id , prod_id , quantity , ship_date) values (2604 , 1 , 400 , 24 , '1994-04-26') ;
Insert into sales_order_items (id , line_id , prod_id , quantity , ship_date) values (2604 , 2 , 401 , 24 , '1994-04-26') ;
Insert into sales_order_items (id , line_id , prod_id , quantity , ship_date) values (2605 , 1 , 700 , 36 , '1994-04-23') ;
Insert into sales_order_items (id , line_id , prod_id , quantity , ship_date) values (2606 , 1 , 500 , 12 , '1994-04-27') ;
Insert into sales_order_items (id , line_id , prod_id , quantity , ship_date) values (2606 , 2 , 501 , 24 , '1994-04-27') ;
Insert into sales_order_items (id , line_id , prod_id , quantity , ship_date) values (2607 , 1 , 302 , 48 , '1994-04-27') ;
Insert into sales_order_items (id , line_id , prod_id , quantity , ship_date) values (2608 , 1 , 601 , 12 , '1994-04-26') ;
Insert into sales_order_items (id , line_id , prod_id , quantity , ship_date) values (2609 , 1 , 600 , 36 , '1994-04-28') ;
Insert into sales_order_items (id , line_id , prod_id , quantity , ship_date) values (2609 , 2 , 601 , 24 , '1994-04-28') ;
Insert into sales_order_items (id , line_id , prod_id , quantity , ship_date) values (2610 , 1 , 300 , 12 , '1994-04-28') ;
Insert into sales_order_items (id , line_id , prod_id , quantity , ship_date) values (2610 , 2 , 301 , 12 , '1994-04-28') ;
Insert into sales_order_items (id , line_id , prod_id , quantity , ship_date) values (2611 , 1 , 302 , 24 , '1994-04-29') ;
Insert into sales_order_items (id , line_id , prod_id , quantity , ship_date) values (2611 , 2 , 700 , 48 , '1994-04-29') ;
Insert into sales_order_items (id , line_id , prod_id , quantity , ship_date) values (2612 , 1 , 400 , 24 , '1994-04-29') ;
Insert into sales_order_items (id , line_id , prod_id , quantity , ship_date) values (2613 , 1 , 500 , 36 , '1994-04-30') ;
Insert into sales_order_items (id , line_id , prod_id , quantity , ship_date) values (2613 , 2 , 501 , 36 , '1994-04-30') ;
Insert into sales_order_items (id , line_id , prod_id , quantity , ship_date) values (2614 , 1 , 600 , 24 , '1994-04-29') ;
Insert into sales_order_items (id , line_id , prod_id , quantity , ship_date) values (2615 , 1 , 700 , 60 , '1994-04-30') ;
Insert into sales_order_items (id , line_id , prod_id , quantity , ship_date) values (2616 , 1 , 301 , 12 , '1994-05-03') ;
Insert into sales_order_items (id , line_id , prod_id , quantity , ship_date) values (2616 , 2 , 501 , 24 , '1994-05-03') ;
Insert into sales_order_items (id , line_id , prod_id , quantity , ship_date) values (2617 , 1 , 400 , 24 , '1994-05-05') ;
Insert into sales_order_items (id , line_id , prod_id , quantity , ship_date) values (2617 , 2 , 401 , 12 , '1994-05-05') ;
Insert into sales_order_items (id , line_id , prod_id , quantity , ship_date) values (2618 , 1 , 600 , 12 , '1994-05-05') ;
Insert into sales_order_items (id , line_id , prod_id , quantity , ship_date) values (2618 , 2 , 601 , 24 , '1994-05-05') ;
Insert into sales_order_items (id , line_id , prod_id , quantity , ship_date) values (2619 , 1 , 300 , 12 , '1994-05-06') ;
Insert into sales_order_items (id , line_id , prod_id , quantity , ship_date) values (2619 , 2 , 700 , 36 , '1994-05-06') ;
Insert into sales_order_items (id , line_id , prod_id , quantity , ship_date) values (2620 , 1 , 301 , 24 , '1994-05-06') ;
Insert into sales_order_items (id , line_id , prod_id , quantity , ship_date) values (2620 , 2 , 302 , 24 , '1994-05-06') ;
Insert into sales_order_items (id , line_id , prod_id , quantity , ship_date) values (2621 , 1 , 400 , 12 , '1994-05-07') ;
Insert into sales_order_items (id , line_id , prod_id , quantity , ship_date) values (2621 , 2 , 401 , 12 , '1994-05-07') ;
Insert into sales_order_items (id , line_id , prod_id , quantity , ship_date) values (2622 , 1 , 302 , 24 , '1994-05-07') ;
Insert into sales_order_items (id , line_id , prod_id , quantity , ship_date) values (2623 , 1 , 600 , 12 , '1994-05-10') ;
Insert into sales_order_items (id , line_id , prod_id , quantity , ship_date) values (2623 , 2 , 700 , 12 , '1994-05-10') ;
Insert into sales_order_items (id , line_id , prod_id , quantity , ship_date) values (2624 , 1 , 601 , 24 , '1994-05-10') ;
Insert into sales_order_items (id , line_id , prod_id , quantity , ship_date) values (2625 , 1 , 302 , 12 , '1994-05-11') ;
Insert into sales_order_items (id , line_id , prod_id , quantity , ship_date) values (2625 , 2 , 501 , 24 , '1994-05-11') ;
Insert into sales_order_items (id , line_id , prod_id , quantity , ship_date) values (2625 , 3 , 700 , 24 , '1994-05-11') ;
Insert into sales_order_items (id , line_id , prod_id , quantity , ship_date) values (2626 , 1 , 400 , 12 , '1994-05-11') ;
Insert into sales_order_items (id , line_id , prod_id , quantity , ship_date) values (2626 , 2 , 500 , 12 , '1994-05-11') ;
Insert into sales_order_items (id , line_id , prod_id , quantity , ship_date) values (2627 , 1 , 300 , 24 , '1994-05-12') ;
Insert into sales_order_items (id , line_id , prod_id , quantity , ship_date) values (2627 , 2 , 301 , 24 , '1994-05-12') ;
Insert into sales_order_items (id , line_id , prod_id , quantity , ship_date) values (2627 , 3 , 302 , 12 , '1994-05-12') ;
Insert into sales_order_items (id , line_id , prod_id , quantity , ship_date) values (2628 , 1 , 400 , 36 , '1994-05-12') ;
Insert into sales_order_items (id , line_id , prod_id , quantity , ship_date) values (2629 , 1 , 600 , 12 , '1994-05-13') ;
Insert into sales_order_items (id , line_id , prod_id , quantity , ship_date) values (2629 , 2 , 601 , 24 , '1994-05-13') ;
Insert into sales_order_items (id , line_id , prod_id , quantity , ship_date) values (2630 , 1 , 302 , 36 , '1994-05-13') ;
Insert into sales_order_items (id , line_id , prod_id , quantity , ship_date) values (2631 , 1 , 400 , 12 , '1994-05-14') ;
Insert into sales_order_items (id , line_id , prod_id , quantity , ship_date) values (2631 , 2 , 401 , 12 , '1994-05-14') ;
Insert into sales_order_items (id , line_id , prod_id , quantity , ship_date) values (2632 , 1 , 600 , 24 , '1994-05-14') ;
Insert into sales_order_items (id , line_id , prod_id , quantity , ship_date) values (2632 , 2 , 601 , 24 , '1994-05-14') ;
Insert into sales_order_items (id , line_id , prod_id , quantity , ship_date) values (2633 , 1 , 300 , 12 , '1994-05-17') ;
Insert into sales_order_items (id , line_id , prod_id , quantity , ship_date) values (2633 , 2 , 301 , 12 , '1994-05-17') ;
Insert into sales_order_items (id , line_id , prod_id , quantity , ship_date) values (2634 , 1 , 400 , 24 , '1994-05-17') ;
Insert into sales_order_items (id , line_id , prod_id , quantity , ship_date) values (2635 , 1 , 700 , 72 , '1994-05-18') ;
Insert into sales_order_items (id , line_id , prod_id , quantity , ship_date) values (2636 , 1 , 600 , 24 , '1994-05-19') ;
Insert into sales_order_items (id , line_id , prod_id , quantity , ship_date) values (2636 , 2 , 601 , 24 , '1994-05-19') ;
Insert into sales_order_items (id , line_id , prod_id , quantity , ship_date) values (2637 , 1 , 501 , 48 , '1994-05-18') ;
Insert into sales_order_items (id , line_id , prod_id , quantity , ship_date) values (2638 , 1 , 300 , 24 , '1994-05-20') ;
Insert into sales_order_items (id , line_id , prod_id , quantity , ship_date) values (2639 , 1 , 401 , 36 , '1994-05-19') ;
Insert into sales_order_items (id , line_id , prod_id , quantity , ship_date) values (2640 , 1 , 600 , 24 , '1994-05-21') ;
Insert into sales_order_items (id , line_id , prod_id , quantity , ship_date) values (2641 , 1 , 501 , 36 , '1994-05-20') ;
Insert into sales_order_items (id , line_id , prod_id , quantity , ship_date) values (2641 , 2 , 700 , 24 , '1994-05-20') ;
Insert into sales_order_items (id , line_id , prod_id , quantity , ship_date) values (2642 , 1 , 300 , 12 , '1994-05-24') ;
Insert into sales_order_items (id , line_id , prod_id , quantity , ship_date) values (2643 , 1 , 301 , 24 , '1994-05-24') ;
Insert into sales_order_items (id , line_id , prod_id , quantity , ship_date) values (2644 , 1 , 600 , 36 , '1994-05-25') ;
Insert into sales_order_items (id , line_id , prod_id , quantity , ship_date) values (2645 , 1 , 601 , 12 , '1994-05-25') ;
Insert into sales_order_items (id , line_id , prod_id , quantity , ship_date) values (2646 , 1 , 302 , 24 , '1994-05-27') ;
Insert into sales_order_items (id , line_id , prod_id , quantity , ship_date) values (2647 , 1 , 401 , 36 , '1994-05-26') ;
Insert into sales_order_items (id , line_id , prod_id , quantity , ship_date) values (2648 , 1 , 600 , 12 , '1994-05-28') ;
Insert into sales_order_items (id , line_id , prod_id , quantity , ship_date) values (2649 , 1 , 700 , 36 , '1994-05-28') ;
Insert into sales_order_items (id , line_id , prod_id , quantity , ship_date) values (2650 , 1 , 600 , 24 , '1994-05-31') ;
Insert into sales_order_items (id , line_id , prod_id , quantity , ship_date) values (2650 , 2 , 601 , 36 , '1994-05-31') ;
Insert into sales_order_items (id , line_id , prod_id , quantity , ship_date) values (2651 , 1 , 700 , 48 , '1994-05-31') ;
Insert into sales_order_items (id , line_id , prod_id , quantity , ship_date) values (2652 , 1 , 400 , 36 , '1994-05-28') ;

-- end table    sales_order_items

-- add referential constraints 
ALTER TABLE department ADD FOREIGN KEY (dept_head_id) REFERENCES employee (emp_id);
ALTER TABLE employee ADD FOREIGN KEY (dept_id) REFERENCES department (dept_id);
ALTER TABLE fin_data ADD FOREIGN KEY (code) REFERENCES fin_code (code);
ALTER TABLE sales_order ADD FOREIGN KEY (cust_id) REFERENCES customer (id); 
ALTER TABLE sales_order ADD FOREIGN KEY (fin_code_id) REFERENCES fin_code (code);
ALTER TABLE sales_order ADD FOREIGN KEY (sales_rep) REFERENCES employee (emp_id);
ALTER TABLE sales_order_items ADD FOREIGN KEY (id) REFERENCES sales_order (id);
ALTER TABLE sales_order_items ADD FOREIGN KEY (prod_id) REFERENCES product (id);
